,Unnamed: 0,shoptitle,prices,areaa,links,front,street_width,age
0,0,"محل للإيجار في شارع ابي جعفر المنصور, حي الشهداء, الرياض","115,500 ريال",75 م²,/محلات-للإيجار/الرياض/شرق-الرياض/حي-الشهداء/شارع-ابي-جعفر-المنصور-حي-غرناطة-الرياض-الرياض-2652036,شمال غربي,36 م, 4 سنة
1,1,محل للإيجار في حي الخليج ، الرياض ، الرياض,"15,000 ريال",44 م²,/محلات-للإيجار/الرياض/شرق-الرياض/حي-الخليج/حي-الخليج-الرياض-الرياض-2719202,شرق,30 م,جديد
2,2,محل للإيجار في شارع الصحابة ، حي المونسية ، الرياض ، الرياض,"35,000 ريال",100 م²,/محلات-للإيجار/الرياض/شرق-الرياض/حي-المونسية/شارع-الصحابة-حي-المونسية-الرياض-الرياض-3028913,شرق,5 م, 2 سنة
3,3,محل للإيجار في حي القادسية ، الرياض ، الرياض,"20,000 ريال",36 م²,/محلات-للإيجار/الرياض/شرق-الرياض/حي-القادسية/حي-القادسية-الرياض-الرياض-3181154,شمال,30 م, 5 سنة
4,4,محل للإيجار في شارع فضيلة السيد محمد حسين أفندي ، حي الرمال ، الرياض ، الرياض,"60,000 ريال",80 م²,/محلات-للإيجار/الرياض/شرق-الرياض/حي-الرمال/شارع-فضيلة-السيد-محمد-حسين-أفندي-حي-الرمال-الرياض-الرياض-3277405,شمال,30 م,جديد
5,5,محل للإيجار في شارع عبدالله بن مرخان ، حي قرطبة ، الرياض ، الرياض,"30,000 ريال",64 م²,/محلات-للإيجار/الرياض/شرق-الرياض/حي-قرطبة/شارع-عبدالله-بن-مرخان-حي-قرطبة-الرياض-الرياض-3243204,شمال,20 م, 5 سنة
6,6,محل للإيجار في شارع محمد عبدالله البرقي ، حي المونسية ، الرياض ، الرياض,"18,000 ريال",32 م²,/محلات-للإيجار/الرياض/شرق-الرياض/حي-المونسية/شارع-محمد-عبدالله-البرقي-حي-المونسية-الرياض-الرياض-3181187,شمال,30 م, 5 سنة
7,7,محل للإيجار في حي ، شارع محمد البرقي ، حي المونسية ، الرياض ، الرياض,"15,000 ريال",36 م²,/محلات-للإيجار/الرياض/شرق-الرياض/حي-المونسية/حي-شارع-محمد-البرقي-حي-المونسية-الرياض-الرياض-3206841,شمال,30 م, 3 سنة
8,8,محل للإيجار في شارع الأمين عبدالله العلي النعيم ، حي الملز ، الرياض,"25,000 ريال",38 م²,/محلات-للإيجار/الرياض/شرق-الرياض/حي-الملز/شارع-الأمين-عبدالله-العلي-النعيم-حي-الملز-الرياض-1865684,غرب,25 م, 8 سنة
9,9,محل للإيجار في حي المونسية ، الرياض ، الرياض,"35,000 ريال",100 م²,/محلات-للإيجار/الرياض/شرق-الرياض/حي-المونسية/حي-المونسية-الرياض-الرياض-3271643,شمال,60 م, 2 سنة
10,10,محل للإيجار في حي قرطبة ، الرياض ، الرياض,"30,000 ريال",38 م²,/محلات-للإيجار/الرياض/شرق-الرياض/حي-قرطبة/حي-قرطبة-الرياض-الرياض-3223183,شمال,20 م, 2 سنة
11,11,محل للإيجار في شارع الشيخ عبدالعزيز بن عبدالرحمن بن بشر ، حي الخليج ، الرياض ، الرياض,"10,000 ريال",35 م²,/محلات-للإيجار/الرياض/شرق-الرياض/حي-الخليج/شارع-الشيخ-عبدالعزيز-بن-عبدالرحمن-بن-بشر-حي-الخليج-الرياض-الرياض-2219485,جنوب,40 م, 22 سنة
12,12,محل للإيجار في شارع الضائن ، حي الخليج ، الرياض ، الرياض,"15,000 ريال",36 م²,/محلات-للإيجار/الرياض/شرق-الرياض/حي-الخليج/شارع-الضائن-حي-الخليج-الرياض-الرياض-2545492,غرب,35 م, 9 سنة
13,13,محل للإيجار في شارع الامير محمد بن فيصل بن تركي ، حي القدس ، الرياض ، الرياض,"118,000 ريال",132 م²,/محلات-للإيجار/الرياض/شرق-الرياض/حي-القدس/شارع-الامير-محمد-بن-فيصل-بن-تركي-حي-القدس-الرياض-الرياض-2579653,شرق,30 م,جديد
14,14,محل للإيجار في شارع الندوة ، حي الندوة ، الرياض ، الرياض,"40,000 ريال",300 م²,/محلات-للإيجار/الرياض/شرق-الرياض/حي-النظيم/شارع-الندوة-حي-الندوة-الرياض-الرياض-2266488,شرق,40 م, 3 سنة
15,15,محل للإيجار في شارع الجمحي ، حي المنار ، الرياض ، الرياض,"995,000 ريال",1668 م²,/محلات-للإيجار/الرياض/شرق-الرياض/حي-المنار/شارع-الجمحي-حي-المنار-الرياض-الرياض-2456471,شرق,,
16,16,محل للإيجار في شارع الزبير بن العوام ، حي الروابي ، الرياض ، الرياض,"13,000 ريال",52 م²,/محلات-للإيجار/الرياض/شرق-الرياض/حي-الروابي/شارع-الزبير-بن-العوام-حي-الروابي-الرياض-الرياض-2528112,جنوب,30 م, 8 سنة
17,17,محل للإيجار في شارع حفصة بنت عمر ، حي النهضة ، الرياض ، الرياض,"150,000 ريال",200 م²,/محلات-للإيجار/الرياض/شرق-الرياض/حي-النهضة/شارع-حفصة-بنت-عمر-حي-النهضة-الرياض-الرياض-2398138,جنوب,,
18,18,محل للإيجار في شارع الشيخ حسن بن حسين بن علي ، حي الحمراء ، الرياض ، الرياض,"40,000 ريال",48 م²,/محلات-للإيجار/الرياض/شرق-الرياض/حي-الحمراء/شارع-الشيخ-حسن-بن-حسين-بن-علي-حي-الحمراء-الرياض-الرياض-2980644,شرق,60 م, 5 سنة
19,19,محل للإيجار في الرياض ، حي الندوة ، الرياض,"200,000 ريال",1200 م²,/محلات-للإيجار/الرياض/شرق-الرياض/حي-النظيم/الرياض-حي-الندوة-الرياض-2537506,شرق,40 م, 4 سنة
20,20,محل للإيجار في شارع الشيخ عبدالعزيز بن عبدالرحمن بن بشر ، حي الخليج ، الرياض ، الرياض,"10,000 ريال",35 م²,/محلات-للإيجار/الرياض/شرق-الرياض/حي-الخليج/شارع-الشيخ-عبدالعزيز-بن-عبدالرحمن-بن-بشر-حي-الخليج-الرياض-الرياض-2219485,جنوب,40 م, 22 سنة
21,21,محل للإيجار في شارع الضائن ، حي الخليج ، الرياض ، الرياض,"15,000 ريال",36 م²,/محلات-للإيجار/الرياض/شرق-الرياض/حي-الخليج/شارع-الضائن-حي-الخليج-الرياض-الرياض-2545492,غرب,35 م, 9 سنة
22,22,محل للإيجار في الرياض ، حي الندوة ، الرياض,"200,000 ريال",1200 م²,/محلات-للإيجار/الرياض/شرق-الرياض/حي-النظيم/الرياض-حي-الندوة-الرياض-2537506,شرق,40 م, 4 سنة
23,23,محل للإيجار في شارع الشيخ حسن بن حسين بن علي ، حي الحمراء ، الرياض ، الرياض,"40,000 ريال",48 م²,/محلات-للإيجار/الرياض/شرق-الرياض/حي-الحمراء/شارع-الشيخ-حسن-بن-حسين-بن-علي-حي-الحمراء-الرياض-الرياض-2980644,شرق,60 م, 5 سنة
24,24,محل للإيجار في شارع السحاب ، حي الندوة ، الرياض ، الرياض,"14,000 ريال",60 م²,/محلات-للإيجار/الرياض/شرق-الرياض/حي-النظيم/شارع-السحاب-حي-الندوة-الرياض-الرياض-2247895,غرب,30 م, 2 سنة
25,25,محل للإيجار في شارع الامير محمد بن فيصل بن تركي ، حي القدس ، الرياض ، الرياض,"118,000 ريال",132 م²,/محلات-للإيجار/الرياض/شرق-الرياض/حي-القدس/شارع-الامير-محمد-بن-فيصل-بن-تركي-حي-القدس-الرياض-الرياض-2579653,شرق,30 م,جديد
26,26,محل للإيجار في شارع الأمير محمد بن فيصل بن تركي ، حي القدس ، الرياض ، الرياض,"100,000 ريال",112 م²,/محلات-للإيجار/الرياض/شرق-الرياض/حي-القدس/شارع-الأمير-محمد-بن-فيصل-بن-تركي-حي-القدس-الرياض-الرياض-2609000,شرق,30 م,جديد
27,27,محل للإيجار في شارع الإمام الشافعي ، حي السلام ، الرياض ، الرياض,"108,000 ريال",240 م²,/محلات-للإيجار/الرياض/شرق-الرياض/حي-السلام/شارع-الإمام-الشافعي-حي-السلام-الرياض-الرياض-2125840,غرب,30 م, 15 سنة
28,28,محل للإيجار في حي الندوة ، الرياض ، الرياض,"13,000 ريال",40 م²,/محلات-للإيجار/الرياض/شرق-الرياض/حي-النظيم/حي-الندوة-الرياض-الرياض-2247882,جنوب,25 م, 8 سنة
29,29,محل للإيجار في شارع سعد بن ابي وقاص ، حي النسيم الغربي ، الرياض ، الرياض,"65,000 ريال",150 م²,/محلات-للإيجار/الرياض/شرق-الرياض/حي-النسيم-الغربي/شارع-سعد-بن-ابي-وقاص-حي-النسيم-الغربي-الرياض-الرياض-2858749,غرب,40 م, 3 سنة
30,30,محل للإيجار في شارع الندوة ، حي الندوة ، الرياض ، الرياض,"40,000 ريال",300 م²,/محلات-للإيجار/الرياض/شرق-الرياض/حي-النظيم/شارع-الندوة-حي-الندوة-الرياض-الرياض-2266488,شرق,40 م, 3 سنة
31,31,"محل للإيجار في شارع الكهف, السلام, الرياض","20,000 ريال",50 م²,/محلات-للإيجار/الرياض/شرق-الرياض/حي-السلام/شارع-الكهف-السلام-الرياض-869706,غرب,30 م, 20 سنة
32,32,محل للإيجار في شارع الكهف ، حي السلام ، الرياض,"20,000 ريال",48 م²,/محلات-للإيجار/الرياض/شرق-الرياض/حي-السلام/شارع-الكهف-حي-السلام-الرياض-1738132,شرق,30 م, 12 سنة
33,33,محل للإيجار في طريق الامير سعد بن عبدالرحمن الاول الفرعي ، حي السعادة ، الرياض ، الرياض,"300,000 ريال",1008 م²,/محلات-للإيجار/الرياض/شرق-الرياض/حي-السعادة/طريق-الامير-سعد-بن-عبدالرحمن-الاول-الفرعي-حي-السعادة-الرياض-الرياض-1565008,شمال,60 م, 11 سنة
34,34,"محل للإيجار في شارع عبدالرحمن الناصر, الملك فيصل, الرياض","70,000 ريال",120 م²,/محلات-للإيجار/الرياض/شرق-الرياض/حي-الملك-فيصل/شارع-عبدالرحمن-الناصر-الملك-فيصل-الرياض-585451,غرب,30 م, 14 سنة
35,35,محل للإيجار في شارع سعد بن ابي وقاص ، حي النسيم الغربي ، الرياض ، الرياض,"70,000 ريال",128 م²,/محلات-للإيجار/الرياض/شرق-الرياض/حي-النسيم-الغربي/شارع-سعد-بن-ابي-وقاص-حي-النسيم-الغربي-الرياض-الرياض-1308197,غرب,40 م, 20 سنة
36,36,محل للإيجار في شارع عامر بن عوف ، حي اشبيلية ، الرياض,"30,000 ريال",32 م²,/محلات-للإيجار/الرياض/شرق-الرياض/حي-اشبيلية/شارع-عامر-بن-عوف-حي-اشبيلية-الرياض-1254943,شرق,60 م, 8 سنة
37,37,محل للإيجار في شارع الشيخ حسن بن حسين بن علي ، حي اشبيلية ، الرياض ، الرياض,"50,000 ريال",75 م²,/محلات-للإيجار/الرياض/شرق-الرياض/حي-اشبيلية/شارع-الشيخ-حسن-بن-حسين-بن-علي-حي-اشبيلية-الرياض-الرياض-2300992,غرب,60 م,جديد
38,38,"محل للإيجار في شارع الصحابة, اليرموك, الرياض","65,000 ريال",122 م²,/محلات-للإيجار/الرياض/شرق-الرياض/حي-اليرموك/شارع-الصحابة-اليرموك-الرياض-596019,غرب,60 م,جديد
39,39,محل للإيجار في شارع الخبر ، حي النهضة ، الرياض ، الرياض,"10,000 ريال",24 م²,/محلات-للإيجار/الرياض/شرق-الرياض/حي-النهضة/شارع-الخبر-حي-النهضة-الرياض-الرياض-2746346,غرب,,
40,40,محل للإيجار في شارع ابن ماجة ، حي الفيحاء ، الرياض ، الرياض,"12,000 ريال",32 م²,/محلات-للإيجار/الرياض/شرق-الرياض/حي-الفيحاء/شارع-ابن-ماجة-حي-الفيحاء-الرياض-الرياض-2298536,شرق,60 م, 15 سنة
41,41,محل للإيجار في حي قرطبة ، الرياض ، الرياض,"250,000 ريال",317 م²,/محلات-للإيجار/الرياض/شرق-الرياض/حي-قرطبة/حي-قرطبة-الرياض-الرياض-2144642,شرق,60 م,جديد
42,42,محل للإيجار في شارع البلقاء ، حي المونسية ، الرياض ، الرياض,"300,000 ريال",600 م²,/محلات-للإيجار/الرياض/شرق-الرياض/حي-المونسية/شارع-البلقاء-حي-المونسية-الرياض-الرياض-3110717,شمال شرقي,35 م, 5 سنة
43,43,محل للإيجار في شارع الشيخ حسن بن حسين بن علي ، حي اشبيلية ، الرياض ، الرياض,"320,000 ريال",200 م²,/محلات-للإيجار/الرياض/شرق-الرياض/حي-اشبيلية/شارع-الشيخ-حسن-بن-حسين-بن-علي-حي-اشبيلية-الرياض-الرياض-3724891,غرب,60 م, 15 سنة
44,44,محل للإيجار في حي المونسية ، الرياض ، الرياض,"16,000 ريال",41 م²,/محلات-للإيجار/الرياض/شرق-الرياض/حي-المونسية/حي-المونسية-الرياض-الرياض-2361814,شرق,30 م, 7 سنة
45,45,محل للإيجار في شارع ابن خلدون ، حي الروضة ، الرياض ، الرياض,"9,000 ريال",28 م²,/محلات-للإيجار/الرياض/شرق-الرياض/حي-الروضة/شارع-ابن-خلدون-حي-الروضة-الرياض-الرياض-2945346,جنوب,25 م, 25 سنة
46,46,محل للإيجار في طريق الأمير سعد بن عبدالرحمن الأول ، حي الروابي ، الرياض ، الرياض,"160,000 ريال",143 م²,/محلات-للإيجار/الرياض/شرق-الرياض/حي-الروابي/طريق-الأمير-سعد-بن-عبدالرحمن-الأول-حي-الروابي-الرياض-الرياض-2153659,جنوب,100 م,جديد
47,47,محل للإيجار في طريق الإمام عبدالله بن سعود بن عبدالعزيز ، حي الحمراء ، الرياض ، الرياض,"130,000 ريال",140 م²,/محلات-للإيجار/الرياض/شرق-الرياض/حي-الحمراء/طريق-الإمام-عبدالله-بن-سعود-بن-عبدالعزيز-حي-الحمراء-الرياض-الرياض-2350246,شمال,60 م, 10 سنة
48,48,محل للإيجار في شارع الامير سعود بن عبدالعزيز ال سعود الكبير ، حي الملك فيصل ، الرياض ، الرياض,"20,000 ريال",40 م²,/محلات-للإيجار/الرياض/شرق-الرياض/حي-الملك-فيصل/شارع-الامير-سعود-بن-عبدالعزيز-ال-سعود-الكبير-حي-الملك-فيصل-الرياض-الرياض-2465214,شمال شرقي,30 م, 5 سنة
49,49,محل للإيجار في شارع الحارث بن عبدالله ، حي الندوة ، الرياض ، الرياض,"70,000 ريال",170 م²,/محلات-للإيجار/الرياض/شرق-الرياض/حي-النظيم/شارع-الحارث-بن-عبدالله-حي-الندوة-الرياض-الرياض-2906566,شرق,36 م,جديد
50,50,محل للإيجار في طريق الأمير سعد بن عبدالرحمن الأول ، حي السعادة ، الرياض ، الرياض,"6,000 ريال",20 م²,/محلات-للإيجار/الرياض/شرق-الرياض/حي-السعادة/طريق-الأمير-سعد-بن-عبدالرحمن-الأول-حي-السعادة-الرياض-الرياض-2862805,شرق,100 م,جديد
51,51,محل للإيجار في شارع خالد بن الوليد ، حي القدس ، الرياض ، الرياض,"130,000 ريال",160 م²,/محلات-للإيجار/الرياض/شرق-الرياض/حي-القدس/شارع-خالد-بن-الوليد-حي-القدس-الرياض-الرياض-2216169,شرق,40 م, 15 سنة
52,52,محل للإيجار في شارع ايوب بن مكرز ، حي الملك فيصل ، الرياض ، الرياض,"25,000 ريال",48 م²,/محلات-للإيجار/الرياض/شرق-الرياض/حي-الملك-فيصل/شارع-ايوب-بن-مكرز-حي-الملك-فيصل-الرياض-الرياض-2552545,شرق,,
53,53,محل للإيجار في شارع علي بن محمد بن عبدالوهاب ، حي الملز ، الرياض ، الرياض,"30,000 ريال",36 م²,/محلات-للإيجار/الرياض/شرق-الرياض/حي-الملز/شارع-علي-بن-محمد-بن-عبدالوهاب-حي-الملز-الرياض-الرياض-2683729,جنوب,20 م, 2 سنة
54,54,محل للإيجار في شارع خالد بن الوليد ، حي الحمراء ، الرياض ، الرياض,"180,000 ريال",315 م²,/محلات-للإيجار/الرياض/شرق-الرياض/حي-الحمراء/شارع-خالد-بن-الوليد-حي-الحمراء-الرياض-الرياض-2526180,شمال,,
55,55,محل للإيجار في حي الرمال ، الرياض ، الرياض,"25,000 ريال",1250 م²,/محلات-للإيجار/الرياض/شرق-الرياض/حي-الرمال/حي-الرمال-الرياض-الرياض-2660629,شرق,,
56,56,محل للإيجار في شارع الشيخ عبدالعزيز بن عبدالرحمن بن بشر ، حي الخليج ، الرياض ، الرياض,"30,000 ريال",75 م²,/محلات-للإيجار/الرياض/شرق-الرياض/حي-الخليج/شارع-الشيخ-عبدالعزيز-بن-عبدالرحمن-بن-بشر-حي-الخليج-الرياض-الرياض-2561654,جنوب,60 م, 10 سنة
57,57,محل للإيجار في شارع الامير سعود بن عبدالعزيز ال سعود الكبير ، حي القدس ، الرياض ، الرياض,"15,000 ريال",40 م²,/محلات-للإيجار/الرياض/شرق-الرياض/حي-القدس/شارع-الامير-سعود-بن-عبدالعزيز-ال-سعود-الكبير-حي-القدس-الرياض-الرياض-2461540,شمال,40 م, 7 سنة
58,58,محل للإيجار في شارع خالد بن الوليد ، حي غرناطة ، الرياض,"60,000 ريال",100 م²,/محلات-للإيجار/الرياض/شرق-الرياض/حي-الشهداء/شارع-خالد-بن-الوليد-حي-غرناطة-الرياض-942177,غرب,60 م, 5 سنة
59,59,محل للإيجار في طريق الأمير سعد بن عبدالرحمن الأول الفرعي ، حي السلام ، الرياض ، الرياض,"25,000 ريال",22 م²,/محلات-للإيجار/الرياض/شرق-الرياض/حي-السلام/طريق-الأمير-سعد-بن-عبدالرحمن-الأول-الفرعي-حي-السلام-الرياض-الرياض-3041710,جنوب,100 م, 6 سنة
60,60,محل للإيجار في طريق الأمير سعد بن عبدالرحمن الأول ، حي الروابي ، الرياض ، الرياض,"160,000 ريال",143 م²,/محلات-للإيجار/الرياض/شرق-الرياض/حي-الروابي/طريق-الأمير-سعد-بن-عبدالرحمن-الأول-حي-الروابي-الرياض-الرياض-2153659,جنوب,100 م,جديد
61,61,محل للإيجار في شارع الامير سعود بن عبدالعزيز ال سعود الكبير ، حي القدس ، الرياض ، الرياض,"15,000 ريال",40 م²,/محلات-للإيجار/الرياض/شرق-الرياض/حي-القدس/شارع-الامير-سعود-بن-عبدالعزيز-ال-سعود-الكبير-حي-القدس-الرياض-الرياض-2461540,شمال,40 م, 7 سنة
62,62,محل للإيجار في طريق الامير سعد بن عبدالرحمن الاول الفرعي ، حي الفيحاء ، الرياض ، الرياض,"790,000 ريال",1054 م²,/محلات-للإيجار/الرياض/شرق-الرياض/حي-الفيحاء/طريق-الامير-سعد-بن-عبدالرحمن-الاول-الفرعي-حي-الفيحاء-الرياض-الرياض-2082248,شمال,100 م,جديد
63,63,محل للإيجار في طريق الأمير سعد بن عبدالرحمن الأول ، حي السعادة ، الرياض,"100,000 ريال",150 م²,/محلات-للإيجار/الرياض/شرق-الرياض/حي-السعادة/طريق-الأمير-سعد-بن-عبدالرحمن-الأول-حي-السعادة-الرياض-1775214,شمال,100 م,جديد
64,64,محل للإيجار في شارع خالد بن الوليد ، حي غرناطة ، الرياض,"60,000 ريال",100 م²,/محلات-للإيجار/الرياض/شرق-الرياض/حي-الشهداء/شارع-خالد-بن-الوليد-حي-غرناطة-الرياض-942177,غرب,60 م, 5 سنة
65,65,محل للإيجار في شارع خالد بن الوليد ، حي غرناطة ، الرياض ، الرياض,"55,000 ريال",80 م²,/محلات-للإيجار/الرياض/شرق-الرياض/حي-غرناطة/شارع-خالد-بن-الوليد-حي-غرناطة-الرياض-الرياض-2901257,غرب,60 م, 6 سنة
66,66,محل للإيجار في شارع الامير بندر بن عبدالعزيز ، حي الاندلس ، الرياض ، الرياض,"80,000 ريال",114 م²,/محلات-للإيجار/الرياض/شرق-الرياض/حي-الاندلس/شارع-الامير-بندر-بن-عبدالعزيز-حي-الاندلس-الرياض-الرياض-3249007,جنوب,40 م, 5 سنة
67,67,محل للإيجار في طريق الأمير سعد بن عبدالرحمن الأول ، حي السعادة ، الرياض ، الرياض,"6,000 ريال",20 م²,/محلات-للإيجار/الرياض/شرق-الرياض/حي-السعادة/طريق-الأمير-سعد-بن-عبدالرحمن-الأول-حي-السعادة-الرياض-الرياض-2862805,شرق,100 م,جديد
68,68,محل للإيجار في شارع خالد بن الوليد ، حي الحمراء ، الرياض ، الرياض,"180,000 ريال",315 م²,/محلات-للإيجار/الرياض/شرق-الرياض/حي-الحمراء/شارع-خالد-بن-الوليد-حي-الحمراء-الرياض-الرياض-2526180,شمال,,
69,69,محل للإيجار في طريق الإمام عبدالله بن سعود بن عبدالعزيز ، حي اشبيلية ، الرياض,"15,000 ريال",4 م²,/محلات-للإيجار/الرياض/شرق-الرياض/حي-اشبيلية/طريق-الإمام-عبدالله-بن-سعود-بن-عبدالعزيز-حي-اشبيلية-الرياض-1837658,شمال,,
70,70,محل للإيجار في شارع الربيع الحارثي ، حي الروابي ، الرياض,"8,500 ريال",39 م²,/محلات-للإيجار/الرياض/شرق-الرياض/حي-الروابي/شارع-الربيع-الحارثي-حي-الروابي-الرياض-1757320,شمال,30 م, 11 سنة
71,71,"محل للإيجار في شارع الانوار, النظيم, الرياض","25,000 ريال",32 م²,/محلات-للإيجار/الرياض/شرق-الرياض/حي-النظيم/شارع-الانوار-النظيم-الرياض-603105,غرب,40 م,جديد
72,72,محل للإيجار في شارع الشيخ عبدالعزيز بن عبدالرحمن بن بشر ، حي الخليج ، الرياض,"36,000 ريال",75 م²,/محلات-للإيجار/الرياض/شرق-الرياض/حي-الخليج/شارع-الشيخ-عبدالعزيز-بن-عبدالرحمن-بن-بشر-حي-الخليج-الرياض-1618303,شمال,40 م, 7 سنة
73,73,محل للإيجار في طريق الامير سعد بن عبدالرحمن الاول الفرعي ، حي السعادة ، الرياض ، الرياض,"35,000 ريال",48 م²,/محلات-للإيجار/الرياض/شرق-الرياض/حي-السعادة/طريق-الامير-سعد-بن-عبدالرحمن-الاول-الفرعي-حي-السعادة-الرياض-الرياض-2023171,شمال,100 م, 20 سنة
74,74,محل للإيجار في شارع خالد بن الوليد ، حي الشهداء ، الرياض,"125,000 ريال",191 م²,/محلات-للإيجار/الرياض/شرق-الرياض/حي-الشهداء/شارع-خالد-بن-الوليد-حي-الشهداء-الرياض-1633250,شرق,60 م,جديد
75,75,محل للإيجار في شارع حفصة بنت عمر ، حي النهضة ، الرياض ، الرياض,"550,000 ريال",1879 م²,/محلات-للإيجار/الرياض/شرق-الرياض/حي-النهضة/شارع-حفصة-بنت-عمر-حي-النهضة-الرياض-الرياض-2542214,جنوب غربي,35 م, 15 سنة
76,76,محل للإيجار في شارع الشيخ حسن بن حسين بن علي ، حي غرناطة ، الرياض ، الرياض,"35,000 ريال",60 م²,/محلات-للإيجار/الرياض/شرق-الرياض/حي-غرناطة/شارع-الشيخ-حسن-بن-حسين-بن-علي-حي-غرناطة-الرياض-الرياض-2924281,شمال شرقي,,
77,77,"محل للإيجار في شارع الجامعة, الملز, الرياض","40,000 ريال",30 م²,/محلات-للإيجار/الرياض/شرق-الرياض/حي-الملز/شارع-الجامعة-الملز-الرياض-715329,جنوب غربي,40 م, 12 سنة
78,78,محل للإيجار في طريق الملك عبدالله بن عبدالعزيز ، حي الحمراء ، الرياض,"390,000 ريال",572 م²,/محلات-للإيجار/الرياض/شرق-الرياض/حي-الحمراء/طريق-الملك-عبدالله-بن-عبدالعزيز-حي-الحمراء-الرياض-1331658,جنوب,80 م,جديد
79,79,محل للإيجار في شارع سعد بن ابي وقاص ، حي النسيم الغربي ، الرياض,"70,000 ريال",280 م²,/محلات-للإيجار/الرياض/شرق-الرياض/حي-النسيم-الغربي/شارع-سعد-بن-ابي-وقاص-حي-النسيم-الغربي-الرياض-1120380,غرب,40 م, 35 سنة
80,80,محل للإيجار في شارع خالد بن الوليد ، حي الروضة ، الرياض ، الرياض,"1,350 ريال",124 م²,/محلات-للإيجار/الرياض/شرق-الرياض/حي-الروضة/شارع-خالد-بن-الوليد-حي-الروضة-الرياض-الرياض-2655015,شمال شرقي,40 م,جديد
81,81,محل للإيجار في شارع النهار ، حي السعادة ، الرياض ، الرياض,"7,000 ريال",80 م²,/محلات-للإيجار/الرياض/شرق-الرياض/حي-السعادة/شارع-النهار-حي-السعادة-الرياض-الرياض-2579135,شمال,,
82,82,محل للإيجار في شارع النهار ، حي السعادة ، الرياض ، الرياض,"21,000 ريال",80 م²,/محلات-للإيجار/الرياض/شرق-الرياض/حي-السعادة/شارع-النهار-حي-السعادة-الرياض-الرياض-2579126,شمال,30 م, 23 سنة
83,83,محل للإيجار في شارع الشيخ حسن بن حسين بن علي ، حي الملك فيصل ، الرياض ، الرياض,"75,000 ريال",180 م²,/محلات-للإيجار/الرياض/شرق-الرياض/حي-الملك-فيصل/شارع-الشيخ-حسن-بن-حسين-بن-علي-حي-الملك-فيصل-الرياض-الرياض-2536543,شرق,40 م, 25 سنة
84,84,محل للإيجار في شارع خالد بن الوليد ، حي قرطبة ، الرياض ، الرياض,"1,000,000 ريال",2185 م²,/محلات-للإيجار/الرياض/شرق-الرياض/حي-قرطبة/شارع-خالد-بن-الوليد-حي-قرطبة-الرياض-الرياض-2507819,شمال,20 م,جديد
85,85,محل للإيجار في شارع البسالة ، حي المعيزيلة ، الرياض ، الرياض,"25,000 ريال",47 م²,/محلات-للإيجار/الرياض/شرق-الرياض/حي-المعيزلة/شارع-البسالة-حي-المعيزيلة-الرياض-الرياض-2332655,شرق,40 م,جديد
86,86,محل للإيجار في طريق الإمام عبدالله بن سعود بن عبدالعزيز ، حي الحمراء ، الرياض ، الرياض,"100,000 ريال",96 م²,/محلات-للإيجار/الرياض/شرق-الرياض/حي-الحمراء/طريق-الإمام-عبدالله-بن-سعود-بن-عبدالعزيز-حي-الحمراء-الرياض-الرياض-2794807,شمال,60 م, 5 سنة
87,87,محل للإيجار في شارع الزبير بن العوام ، حي السلام ، الرياض ، الرياض,"70,000 ريال",190 م²,/محلات-للإيجار/الرياض/شرق-الرياض/حي-السلام/شارع-الزبير-بن-العوام-حي-السلام-الرياض-الرياض-2752062,شمال,20 م, 30 سنة
88,88,محل للإيجار في شارع جرير ، حي الملز ، الرياض ، الرياض,"18,000 ريال",20 م²,/محلات-للإيجار/الرياض/شرق-الرياض/حي-الملز/شارع-جرير-حي-الملز-الرياض-الرياض-2483763,جنوب,30 م, 30 سنة
89,89,محل للإيجار في الرياض ، حي الملز ، الرياض,"50,000 ريال",118 م²,/محلات-للإيجار/الرياض/شرق-الرياض/حي-الملز/الرياض-حي-الملز-الرياض-2110341,جنوب,30 م, 30 سنة
90,90,محل للإيجار في حي الاندلس ، الرياض ، الرياض,"24,000 ريال",40 م²,/محلات-للإيجار/الرياض/شرق-الرياض/حي-الاندلس/حي-الاندلس-الرياض-الرياض-2793950,جنوب,36 م, 15 سنة
91,91,محل للإيجار في طريق الشيخ حسن بن حسين بن علي ، حي الخليج ، الرياض ، الرياض,"150,000 ريال",260 م²,/محلات-للإيجار/الرياض/شرق-الرياض/حي-الخليج/طريق-الشيخ-حسن-بن-حسين-بن-علي-حي-الخليج-الرياض-الرياض-3037967,غرب,40 م, 18 سنة
92,92,محل للإيجار في شارع المقضاة ، حي اليرموك ، الرياض ، الرياض,"18,000 ريال",35 م²,/محلات-للإيجار/الرياض/شرق-الرياض/حي-اليرموك/شارع-المقضاة-حي-اليرموك-الرياض-الرياض-2897858,غرب,30 م, 5 سنة
93,93,محل للإيجار في شارع الهملة ، حي اليرموك ، الرياض ، الرياض,"10,000 ريال",40 م²,/محلات-للإيجار/الرياض/شرق-الرياض/حي-اليرموك/شارع-الهملة-حي-اليرموك-الرياض-الرياض-3061804,شرق,,
94,94,محل للإيجار في طريق الدمام الفرعي ، حي قرطبة ، الرياض,"292,000 ريال",292 م²,/محلات-للإيجار/الرياض/شرق-الرياض/حي-قرطبة/طريق-الدمام-الفرعي-حي-قرطبة-الرياض-1481055,جنوب,100 م,جديد
95,95,محل للإيجار في حي الجنادرية ، الرياض ، الرياض,"30,000 ريال",300 م²,/محلات-للإيجار/الرياض/شرق-الرياض/حي-الجنادرية/حي-الجنادرية-الرياض-الرياض-2937584,شرق,40 م, 6 سنة
96,96,محل للإيجار في حي اليرموك ، الرياض ، الرياض,"80,000 ريال",150 م²,/محلات-للإيجار/الرياض/شرق-الرياض/حي-اليرموك/حي-اليرموك-الرياض-الرياض-2815411,شمال,,
97,97,محل للإيجار في شارع المقضاة ، حي اليرموك ، الرياض ، الرياض,"18,000 ريال",35 م²,/محلات-للإيجار/الرياض/شرق-الرياض/حي-اليرموك/شارع-المقضاة-حي-اليرموك-الرياض-الرياض-2856201,غرب,30 م, 5 سنة
98,98,محل للإيجار في شارع ابن الهيثم ، حي الخليج ، الرياض ، الرياض,"16,000 ريال",30 م²,/محلات-للإيجار/الرياض/شرق-الرياض/حي-الخليج/شارع-ابن-الهيثم-حي-الخليج-الرياض-الرياض-3018951,غرب,40 م, 9 سنة
99,99,محل للإيجار في شارع النجاح ، حي اليرموك ، الرياض ، الرياض,"70,000 ريال",60 م²,/محلات-للإيجار/الرياض/شرق-الرياض/حي-اليرموك/شارع-النجاح-حي-اليرموك-الرياض-الرياض-2811236,شمال,,
100,100,محل للإيجار في شارع سلطان بن نمر ، حي الرمال ، الرياض ، الرياض,"40,000 ريال",900 م²,/محلات-للإيجار/الرياض/شرق-الرياض/حي-الرمال/شارع-سلطان-بن-نمر-حي-الرمال-الرياض-الرياض-3065380,جنوب,,
101,101,محل للإيجار في طريق الأمير سعد بن عبدالرحمن الأول ، حي الفيحاء ، الرياض ، الرياض,"95,000 ريال",285 م²,/محلات-للإيجار/الرياض/شرق-الرياض/حي-الفيحاء/طريق-الأمير-سعد-بن-عبدالرحمن-الأول-حي-الفيحاء-الرياض-الرياض-2778742,شمال,100 م,جديد
102,102,محل للإيجار في شارع الشيخ حسن بن حسين بن علي ، حي الحمراء ، الرياض ، الرياض,"45,000 ريال",48 م²,/محلات-للإيجار/الرياض/شرق-الرياض/حي-الحمراء/شارع-الشيخ-حسن-بن-حسين-بن-علي-حي-الحمراء-الرياض-الرياض-2167642,شرق,60 م, 5 سنة
103,103,محل للإيجار في شارع الشيخ حسن بن حسين بن علي ، حي الحمراء ، الرياض ، الرياض,"550,000 ريال",1050 م²,/محلات-للإيجار/الرياض/شرق-الرياض/حي-الحمراء/شارع-الشيخ-حسن-بن-حسين-بن-علي-حي-الحمراء-الرياض-الرياض-2560848,شرق,60 م,جديد
104,104,محل للإيجار في شارع النجاح ، حي اليرموك ، الرياض ، الرياض,"120,000 ريال",150 م²,/محلات-للإيجار/الرياض/شرق-الرياض/حي-اليرموك/شارع-النجاح-حي-اليرموك-الرياض-الرياض-2955724,شرق,,
105,105,محل للإيجار في شارع سلمان الفارسي ، حي النهضة ، الرياض ، الرياض,"30,000 ريال",32 م²,/محلات-للإيجار/الرياض/شرق-الرياض/حي-النهضة/شارع-سلمان-الفارسي-حي-النهضة-الرياض-الرياض-2864862,شرق,40 م, 16 سنة
106,106,محل للإيجار في طريق الملك عبدالله ، حي الملك فيصل ، الرياض ، الرياض,"227,500 ريال",350 م²,/محلات-للإيجار/الرياض/شرق-الرياض/حي-الملك-فيصل/طريق-الملك-عبدالله-حي-الملك-فيصل-الرياض-الرياض-2559569,شمال,,
107,107,محل للإيجار في شارع محمد بن احمد السديري ، حي النهضة ، الرياض ، الرياض,"32,000 ريال",64 م²,/محلات-للإيجار/الرياض/شرق-الرياض/حي-النهضة/شارع-محمد-بن-احمد-السديري-حي-النهضة-الرياض-الرياض-2647321,جنوب,30 م, 5 سنة
108,108,محل للإيجار في شارع السحاب ، حي الندوة ، الرياض ، الرياض,"9,000 ريال",36 م²,/محلات-للإيجار/الرياض/شرق-الرياض/حي-النظيم/شارع-السحاب-حي-الندوة-الرياض-الرياض-2302207,غرب,35 م, 6 سنة
109,109,محل للإيجار في طريق الملك عبدالله ، حي الحمراء ، الرياض ، الرياض,"60,000 ريال",120 م²,/محلات-للإيجار/الرياض/شرق-الرياض/حي-الحمراء/طريق-الملك-عبدالله-حي-الحمراء-الرياض-الرياض-2578960,جنوب,80 م, 20 سنة
110,110,محل للإيجار في شارع المحاميد ، حي المعيزيلة ، الرياض ، الرياض,"40,000 ريال",153 م²,/محلات-للإيجار/الرياض/شرق-الرياض/حي-المعيزلة/شارع-المحاميد-حي-المعيزيلة-الرياض-الرياض-2620337,شمال,60 م, 3 سنة
111,111,محل للإيجار في شارع محمد بن احمد السديري ، حي النهضة ، الرياض ، الرياض,"16,000 ريال",32 م²,/محلات-للإيجار/الرياض/شرق-الرياض/حي-النهضة/شارع-محمد-بن-احمد-السديري-حي-النهضة-الرياض-الرياض-2776094,جنوب,30 م, 4 سنة
112,112,محل للإيجار في طريق خريص ، حي الندوة ، الرياض ، الرياض,"60,000 ريال",3500 م²,/محلات-للإيجار/الرياض/شرق-الرياض/حي-الجنادرية/طريق-خريص-حي-الندوة-الرياض-الرياض-2303888,شمال,100 م, 6 سنة
113,113,محل للإيجار في شارع القلم ، حي قرطبة ، الرياض,"35,000 ريال",31 م²,/محلات-للإيجار/الرياض/شرق-الرياض/حي-قرطبة/شارع-القلم-حي-قرطبة-الرياض-1005406,شمال,35 م, 3 سنة
114,114,محل للإيجار في طريق الشيخ حسن بن حسين بن علي ، الرياض,"60,000 ريال",122 م²,/محلات-للإيجار/الرياض/شرق-الرياض/حي-اليرموك/طريق-الشيخ-حسن-بن-حسين-بن-علي-الرياض-1510264,غرب,60 م,جديد
115,115,محل للإيجار في شارع الإحساء ، حي الملز ، الرياض,"350,000 ريال",300 م²,/محلات-للإيجار/الرياض/شرق-الرياض/حي-الملز/شارع-الإحساء-حي-الملز-الرياض-1354808,شرق,50 م,جديد
116,116,محل للإيجار في شارع الشيخ عبدالعزيز بن عبدالرحمن بن بشر ، حي الخليج ، الرياض ، الرياض,"80,000 ريال",150 م²,/محلات-للإيجار/الرياض/شرق-الرياض/حي-الخليج/شارع-الشيخ-عبدالعزيز-بن-عبدالرحمن-بن-بشر-حي-الخليج-الرياض-الرياض-3264915,جنوب,35 م,جديد
117,117,محل للإيجار في حي المونسية ، الرياض ، الرياض,"17,000 ريال",40 م²,/محلات-للإيجار/الرياض/شرق-الرياض/حي-المونسية/حي-المونسية-الرياض-الرياض-3661780,شرق,,
118,118,محل للإيجار في شارع النوار بنت مالك ، حي الروضة ، الرياض ، الرياض,"230,000 ريال",320 م²,/محلات-للإيجار/الرياض/شرق-الرياض/حي-القدس/شارع-النوار-بنت-مالك-حي-الروضة-الرياض-الرياض-3439513,جنوب,35 م, 35 سنة
119,119,محل للإيجار في طريق الدمام ، حي الشهداء ، الرياض ، الرياض,"388,800 ريال",288 م²,/محلات-للإيجار/الرياض/شرق-الرياض/حي-الشهداء/طريق-الدمام-حي-الشهداء-الرياض-الرياض-3692107,شمال شرقي,20 م, 2 سنة
120,120,محل للإيجار في حي ، شارع الإمام أحمد بن حنبل ، حي النسيم الغربي ، الرياض ، الرياض,"400,000 ريال",800 م²,/محلات-للإيجار/الرياض/شرق-الرياض/حي-النسيم-الغربي/حي-شارع-الإمام-أحمد-بن-حنبل-حي-النسيم-الغربي-الرياض-الرياض-3277378,شمال,60 م, 5 سنة
121,121,محل للإيجار في شارع النجاح ، حي الرمال ، الرياض ، الرياض,"250,000 ريال",104 م²,/محلات-للإيجار/الرياض/شرق-الرياض/حي-الرمال/شارع-النجاح-حي-الرمال-الرياض-الرياض-3475418,غرب,60 م,جديد
122,122,محل للإيجار في شارع الرايه ، حي الندوة ، الرياض ، الرياض,"90,000 ريال",120 م²,/محلات-للإيجار/الرياض/شرق-الرياض/حي-النظيم/شارع-الرايه-حي-الندوة-الرياض-الرياض-3728206,شرق,40 م, 8 سنة
123,123,محل للإيجار في شارع ابي سعيد الخدري ، حي الخليج ، الرياض ، الرياض,"36,000 ريال",80 م²,/محلات-للإيجار/الرياض/شرق-الرياض/حي-الخليج/شارع-ابي-سعيد-الخدري-حي-الخليج-الرياض-الرياض-3549743,شمال,40 م, 8 سنة
124,124,محل للإيجار في شارع المصانع ، حي الحمراء ، الرياض ، الرياض,"55,000 ريال",322 م²,/محلات-للإيجار/الرياض/شرق-الرياض/حي-الحمراء/شارع-المصانع-حي-الحمراء-الرياض-الرياض-3717943,جنوب,40 م, 6 سنة
125,125,محل للإيجار في شارع ابي سعيد الخدري ، حي الخليج ، الرياض ، الرياض,"50,000 ريال",145 م²,/محلات-للإيجار/الرياض/شرق-الرياض/حي-الخليج/شارع-ابي-سعيد-الخدري-حي-الخليج-الرياض-الرياض-3188617,جنوب غربي,40 م, 11 سنة
126,126,محل للإيجار في طريق صلاح الدين الأيوبي الفرعي ، حي الصفا ، الرياض ، الرياض,"180,000 ريال",235 م²,/محلات-للإيجار/الرياض/شرق-الرياض/حي-الصفا/طريق-صلاح-الدين-الأيوبي-الفرعي-حي-الصفا-الرياض-الرياض-3278762,شمال شرقي,60 م,جديد
127,127,محل للإيجار في شارع خالد بن الوليد ، حي القدس ، الرياض ، الرياض,"50,000 ريال",125 م²,/محلات-للإيجار/الرياض/شرق-الرياض/حي-القدس/شارع-خالد-بن-الوليد-حي-القدس-الرياض-الرياض-3180499,شرق,40 م, 10 سنة
128,128,محل للإيجار في حي المونسية ، الرياض ، الرياض,"18,000 ريال",40 م²,/محلات-للإيجار/الرياض/شرق-الرياض/حي-المونسية/حي-المونسية-الرياض-الرياض-3528982,جنوب,30 م, 3 سنة
129,129,محل للإيجار في شارع ابي الفتوح الخباز ، حي اليرموك ، الرياض ، الرياض,"20,000 ريال",40 م²,/محلات-للإيجار/الرياض/شرق-الرياض/حي-اليرموك/شارع-ابي-الفتوح-الخباز-حي-اليرموك-الرياض-الرياض-3625806,غرب,36 م, 6 سنة
130,130,محل للإيجار في حي اليرموك ، الرياض ، الرياض,"70,000 ريال",174 م²,/محلات-للإيجار/الرياض/شرق-الرياض/حي-اليرموك/حي-اليرموك-الرياض-الرياض-3474493,شرق,60 م,جديد
131,131,محل للإيجار في حي ، شارع محمد البرقي ، حي المونسية ، الرياض ، الرياض,"30,000 ريال",30 م²,/محلات-للإيجار/الرياض/شرق-الرياض/حي-المونسية/حي-شارع-محمد-البرقي-حي-المونسية-الرياض-الرياض-2860724,شرق,40 م,جديد
132,132,محل للإيجار في شارع أبي جعفر المنصور ، حي اليرموك ، الرياض ، الرياض,"90,000 ريال",88 م²,/محلات-للإيجار/الرياض/شرق-الرياض/حي-اليرموك/شارع-أبي-جعفر-المنصور-حي-اليرموك-الرياض-الرياض-3041652,شمال,36 م,جديد
133,133,محل للإيجار في حي ، شارع محمد البرقي ، حي المونسية ، الرياض ، الرياض,"18,000 ريال",50 م²,/محلات-للإيجار/الرياض/شرق-الرياض/حي-المونسية/حي-شارع-محمد-البرقي-حي-المونسية-الرياض-الرياض-3399334,شمال,20 م, 3 سنة
134,134,محل للإيجار في طريق الجنادرية الفرعي ، حي القادسية ، الرياض ، الرياض,"1,857,500 ريال",3715 م²,/محلات-للإيجار/الرياض/شرق-الرياض/حي-القادسية/طريق-الجنادرية-الفرعي-حي-القادسية-الرياض-الرياض-3591251,شرق,25 م,جديد
135,135,محل للإيجار في شارع وادي الساحل ، حي الرمال ، الرياض ، الرياض,"100,000 ريال",229 م²,/محلات-للإيجار/الرياض/شرق-الرياض/حي-الرمال/شارع-وادي-الساحل-حي-الرمال-الرياض-الرياض-3688101,غرب,60 م,جديد
136,136,محل للإيجار في شارع جبل بيسان ، حي قرطبة ، الرياض ، الرياض,"40,000 ريال",50 م²,/محلات-للإيجار/الرياض/شرق-الرياض/حي-قرطبة/شارع-جبل-بيسان-حي-قرطبة-الرياض-الرياض-3571684,غرب,31 م, 3 سنة
137,137,محل للإيجار في حي ، شارع محمد البرقي ، حي المونسية ، الرياض ، الرياض,"40,000 ريال",120 م²,/محلات-للإيجار/الرياض/شرق-الرياض/حي-المونسية/حي-شارع-محمد-البرقي-حي-المونسية-الرياض-الرياض-3538127,شمال,36 م,جديد
138,138,محل للإيجار في الرياض ، حي الرمال ، الرياض,"28,000 ريال",72 م²,/محلات-للإيجار/الرياض/شرق-الرياض/حي-الرمال/الرياض-حي-الرمال-الرياض-3771959,جنوب,40 م, 3 سنة
139,139,محل للإيجار في شارع دباس بن راشد ، حي قرطبة ، الرياض ، الرياض,"40,000 ريال",72 م²,/محلات-للإيجار/الرياض/شرق-الرياض/حي-قرطبة/شارع-دباس-بن-راشد-حي-قرطبة-الرياض-الرياض-3720785,جنوب,36 م,جديد
140,140,محل للإيجار في حي ، شارع وادي الملصة ، حي النسيم الشرقي ، الرياض ، الرياض,"65,000 ريال",1122 م²,/محلات-للإيجار/الرياض/شرق-الرياض/حي-النسيم-الشرقي/حي-شارع-وادي-الملصة-حي-النسيم-الشرقي-الرياض-الرياض-3567120,شمال,30 م, 2 سنة
141,141,محل للإيجار في حي ، شارع محمد البرقي ، حي المونسية ، الرياض ، الرياض,"40,000 ريال",120 م²,/محلات-للإيجار/الرياض/شرق-الرياض/حي-المونسية/حي-شارع-محمد-البرقي-حي-المونسية-الرياض-الرياض-3538127,شمال,36 م,جديد
142,142,محل للإيجار في طريق الملك عبدالله ، حي الملك فيصل ، الرياض ، الرياض,"30,000 ريال",32 م²,/محلات-للإيجار/الرياض/شرق-الرياض/حي-الملك-فيصل/طريق-الملك-عبدالله-حي-الملك-فيصل-الرياض-الرياض-2997349,شمال,60 م, 7 سنة
143,143,محل للإيجار في طريق الإمام عبدالله بن سعود بن عبدالعزيز ، حي غرناطة ، الرياض ، الرياض,"30,000 ريال",60 م²,/محلات-للإيجار/الرياض/شرق-الرياض/حي-غرناطة/طريق-الإمام-عبدالله-بن-سعود-بن-عبدالعزيز-حي-غرناطة-الرياض-الرياض-2997396,جنوب,60 م, 7 سنة
144,144,محل للإيجار في شارع البحار ، حي الحمراء ، الرياض ، الرياض,"110,000 ريال",200 م²,/محلات-للإيجار/الرياض/شرق-الرياض/حي-الحمراء/شارع-البحار-حي-الحمراء-الرياض-الرياض-3704359,جنوب,20 م,جديد
145,145,محل للإيجار في حي المونسية ، الرياض ، الرياض,"16,000 ريال",36 م²,/محلات-للإيجار/الرياض/شرق-الرياض/حي-المونسية/حي-المونسية-الرياض-الرياض-3626572,غرب,20 م, 3 سنة
146,146,محل للإيجار في حي ، شارع محمد البرقي ، حي المونسية ، الرياض ، الرياض,"30,000 ريال",30 م²,/محلات-للإيجار/الرياض/شرق-الرياض/حي-المونسية/حي-شارع-محمد-البرقي-حي-المونسية-الرياض-الرياض-2860724,شرق,40 م,جديد
147,147,محل للإيجار في طريق الأمير محمد بن سلمان بن عبدالعزيز ، حي قرطبة ، الرياض ، الرياض,"30,000 ريال",60 م²,/محلات-للإيجار/الرياض/شرق-الرياض/حي-قرطبة/طريق-الأمير-محمد-بن-سلمان-بن-عبدالعزيز-حي-قرطبة-الرياض-الرياض-3607935,شرق,20 م, 5 سنة
148,148,محل للإيجار في شارع خالد بن الوليد ، حي القدس ، الرياض ، الرياض,"65,000 ريال",140 م²,/محلات-للإيجار/الرياض/شرق-الرياض/حي-القدس/شارع-خالد-بن-الوليد-حي-القدس-الرياض-الرياض-3313966,شرق,35 م, 18 سنة
149,149,محل للإيجار في شارع دباس بن راشد ، حي قرطبة ، الرياض ، الرياض,"40,000 ريال",72 م²,/محلات-للإيجار/الرياض/شرق-الرياض/حي-قرطبة/شارع-دباس-بن-راشد-حي-قرطبة-الرياض-الرياض-3720785,جنوب,36 م,جديد
150,150,محل للإيجار في طريق الثمامة ، حي المونسية ، الرياض ، الرياض,"277,000 ريال",185 م²,/محلات-للإيجار/الرياض/شرق-الرياض/حي-المونسية/طريق-الثمامة-حي-المونسية-الرياض-الرياض-3735503,شرق,50 م,جديد
151,151,محل للإيجار في شارع الأمين عبدالله العلي النعيم ، حي الملز ، الرياض ، الرياض,"250,000 ريال",400 م²,/محلات-للإيجار/الرياض/شرق-الرياض/حي-الملز/شارع-الأمين-عبدالله-العلي-النعيم-حي-الملز-الرياض-الرياض-3541537,غرب,30 م, 7 سنة
152,152,محل للإيجار في شارع أبي جعفر المنصور ، حي اليرموك ، الرياض ، الرياض,"90,000 ريال",88 م²,/محلات-للإيجار/الرياض/شرق-الرياض/حي-اليرموك/شارع-أبي-جعفر-المنصور-حي-اليرموك-الرياض-الرياض-3041652,شمال,36 م,جديد
153,153,محل للإيجار في حي ، شارع محمد البرقي ، حي المونسية ، الرياض ، الرياض,"18,000 ريال",50 م²,/محلات-للإيجار/الرياض/شرق-الرياض/حي-المونسية/حي-شارع-محمد-البرقي-حي-المونسية-الرياض-الرياض-3399334,شمال,20 م, 3 سنة
154,154,محل للإيجار في حي الرمال ، الرياض ، الرياض,"120,000 ريال",180 م²,/محلات-للإيجار/الرياض/شرق-الرياض/حي-الرمال/حي-الرمال-الرياض-الرياض-3693298,غرب,20 م,جديد
155,155,محل للإيجار في حي ، طريق الأمير محمد بن سلمان بن عبدالعزيز ، حي المونسية ، الرياض ، الرياض,"350,000 ريال",104 م²,/محلات-للإيجار/الرياض/شرق-الرياض/حي-المونسية/حي-طريق-الأمير-محمد-بن-سلمان-بن-عبدالعزيز-حي-المونسية-الرياض-الرياض-3599349,غرب,5 م,جديد
156,156,محل للإيجار في شارع النجاح ، حي اشبيلية ، الرياض ، الرياض,"30,000 ريال",40 م²,/محلات-للإيجار/الرياض/شرق-الرياض/حي-اشبيلية/شارع-النجاح-حي-اشبيلية-الرياض-الرياض-3436435,غرب,60 م, 4 سنة
157,157,محل للإيجار في شارع الصحابة ، حي المونسية ، الرياض ، الرياض,"23,000 ريال",35 م²,/محلات-للإيجار/الرياض/شرق-الرياض/حي-المونسية/شارع-الصحابة-حي-المونسية-الرياض-الرياض-3607946,شرق,20 م, 2 سنة
158,158,محل للإيجار في طريق الملك عبدالله ، حي الخليج ، الرياض ، الرياض,"350,000 ريال",469 م²,/محلات-للإيجار/الرياض/شرق-الرياض/حي-الخليج/طريق-الملك-عبدالله-حي-الخليج-الرياض-الرياض-3615276,شمال,,
159,159,محل للإيجار في حي المونسية ، الرياض ، الرياض,"20,000 ريال",48 م²,/محلات-للإيجار/الرياض/شرق-الرياض/حي-المونسية/حي-المونسية-الرياض-الرياض-3664504,شرق,60 م, 9 سنة
160,160,محل للإيجار في حي المونسية ، الرياض ، الرياض,"20,000 ريال",48 م²,/محلات-للإيجار/الرياض/شرق-الرياض/حي-المونسية/حي-المونسية-الرياض-الرياض-3664504,شرق,60 م, 9 سنة
161,161,محل للإيجار في طريق الملك عبدالله ، حي الخليج ، الرياض ، الرياض,"350,000 ريال",469 م²,/محلات-للإيجار/الرياض/شرق-الرياض/حي-الخليج/طريق-الملك-عبدالله-حي-الخليج-الرياض-الرياض-3615276,شمال,,
162,162,محل للإيجار في حي ، شارع خالد بن الوليد ، حي الملك فيصل ، الرياض ، الرياض,"300,000 ريال",1560 م²,/محلات-للإيجار/الرياض/شرق-الرياض/حي-الملك-فيصل/حي-شارع-خالد-بن-الوليد-حي-الملك-فيصل-الرياض-الرياض-3232309,غرب,60 م, 20 سنة
163,163,محل للإيجار في شارع دباس بن راشد ، حي قرطبة ، الرياض ، الرياض,"100,000 ريال",160 م²,/محلات-للإيجار/الرياض/شرق-الرياض/حي-قرطبة/شارع-دباس-بن-راشد-حي-قرطبة-الرياض-الرياض-3659535,شمال,37 م, 7 سنة
164,164,محل للإيجار في شارع البرق ، حي النظيم ، الرياض ، الرياض,"20,000 ريال",40 م²,/محلات-للإيجار/الرياض/شرق-الرياض/حي-النظيم/شارع-البرق-حي-النظيم-الرياض-الرياض-3729111,جنوب,,
165,165,محل للإيجار في شارع الشيخ حسن بن حسين بن علي ، حي الخليج ، الرياض ، الرياض,"30,000 ريال",48 م²,/محلات-للإيجار/الرياض/شرق-الرياض/حي-الخليج/شارع-الشيخ-حسن-بن-حسين-بن-علي-حي-الخليج-الرياض-الرياض-3574286,غرب,40 م, 15 سنة
166,166,محل للإيجار في شارع الامير سعود بن عبدالعزيز ال سعود الكبير ، حي القدس ، الرياض ، الرياض,"22,000 ريال",40 م²,/محلات-للإيجار/الرياض/شرق-الرياض/حي-القدس/شارع-الامير-سعود-بن-عبدالعزيز-ال-سعود-الكبير-حي-القدس-الرياض-الرياض-3147834,جنوب,,
167,167,محل للإيجار في حي الجزيرة ، الرياض ، الرياض,"500,000 ريال",570 م²,/محلات-للإيجار/الرياض/شرق-الرياض/حي-الجزيرة/حي-الجزيرة-الرياض-الرياض-3523869,جنوب شرقي,70 م, 10 سنة
168,168,محل للإيجار في حي الجنادرية ، الرياض ، الرياض,"18,000 ريال",40 م²,/محلات-للإيجار/الرياض/شرق-الرياض/حي-الجنادرية/حي-الجنادرية-الرياض-الرياض-3588060,شمال,30 م, 3 سنة
169,169,محل للإيجار في حي ، شارع الشيخ حسن بن حسين بن علي ، حي الملك فيصل ، الرياض ، الرياض,"25,000 ريال",65 م²,/محلات-للإيجار/الرياض/شرق-الرياض/حي-الملك-فيصل/حي-شارع-الشيخ-حسن-بن-حسين-بن-علي-حي-الملك-فيصل-الرياض-الرياض-3740811,شرق,40 م, 15 سنة
170,170,محل للإيجار في شارع الجبيل ، حي النهضة ، الرياض ، الرياض,"12,000 ريال",35 م²,/محلات-للإيجار/الرياض/شرق-الرياض/حي-النهضة/شارع-الجبيل-حي-النهضة-الرياض-الرياض-3386780,شرق,35 م, 12 سنة
171,171,محل للإيجار في کبری فحص الدوری ، طريق الدمام ، حي اليرموك ، الرياض ، الرياض,"200,000 ريال",170 م²,/محلات-للإيجار/الرياض/شرق-الرياض/حي-الرمال/کبری-فحص-الدوری-طريق-الدمام-حي-اليرموك-الرياض-الرياض-3754608,جنوب,30 م, 4 سنة
172,172,محل للإيجار في شارع سلمان الفارسي ، حي الخليج ، الرياض ، الرياض,"17,000 ريال",57 م²,/محلات-للإيجار/الرياض/شرق-الرياض/حي-الخليج/شارع-سلمان-الفارسي-حي-الخليج-الرياض-الرياض-2469645,غرب,,
173,173,محل للإيجار في حي الجنادرية ، الرياض ، الرياض,"65,000 ريال",88 م²,/محلات-للإيجار/الرياض/شرق-الرياض/حي-الجنادرية/حي-الجنادرية-الرياض-الرياض-3552842,غرب,40 م, 4 سنة
174,174,محل للإيجار في شارع عنيزة ، حي الروابي ، الرياض ، الرياض,"50,000 ريال",10 م²,/محلات-للإيجار/الرياض/شرق-الرياض/حي-الروابي/شارع-عنيزة-حي-الروابي-الرياض-الرياض-3246617,غرب,,
175,175,محل للإيجار في شارع الكتاب ، حي السعادة ، الرياض ، الرياض,"12,000 ريال",24 م²,/محلات-للإيجار/الرياض/شرق-الرياض/حي-السعادة/شارع-الكتاب-حي-السعادة-الرياض-الرياض-3671329,غرب,36 م, 18 سنة
176,176,محل للإيجار في شارع معهد الادارة ، حي الملز ، الرياض ، الرياض,"35,000 ريال",45 م²,/محلات-للإيجار/الرياض/شرق-الرياض/حي-الملز/شارع-معهد-الادارة-حي-الملز-الرياض-الرياض-2862363,شرق,25 م, 15 سنة
177,177,محل للإيجار في حي الجنادرية ، الرياض ، الرياض,"17,000 ريال",40 م²,/محلات-للإيجار/الرياض/شرق-الرياض/حي-الجنادرية/حي-الجنادرية-الرياض-الرياض-3633806,جنوب غربي,30 م,جديد
178,178,محل للإيجار في شارع يزيد بن مزيد ، حي السعادة ، الرياض ، الرياض,"7,000 ريال",650 م²,/محلات-للإيجار/الرياض/شرق-الرياض/حي-السعادة/شارع-يزيد-بن-مزيد-حي-السعادة-الرياض-الرياض-3702842,غرب,60 م, 25 سنة
179,179,محل للإيجار في حي ، شارع الإمام أحمد بن حنبل ، حي النسيم الغربي ، الرياض ، الرياض,"30,000 ريال",110 م²,/محلات-للإيجار/الرياض/شرق-الرياض/حي-النسيم-الغربي/حي-شارع-الإمام-أحمد-بن-حنبل-حي-النسيم-الغربي-الرياض-الرياض-3274580,جنوب,40 م, 22 سنة
180,180,محل للإيجار في حي الجنادرية ، الرياض ، الرياض,"18,000 ريال",80 م²,/محلات-للإيجار/الرياض/شرق-الرياض/حي-الجنادرية/حي-الجنادرية-الرياض-الرياض-3555467,جنوب غربي,30 م, 4 سنة
181,181,محل للإيجار في شارع ابي الفتوح الخباز ، حي اليرموك ، الرياض ، الرياض,"25,000 ريال",50 م²,/محلات-للإيجار/الرياض/شرق-الرياض/حي-اليرموك/شارع-ابي-الفتوح-الخباز-حي-اليرموك-الرياض-الرياض-3277296,غرب,35 م, 2 سنة
182,182,محل للإيجار في شارع الامير سعود بن عبدالعزيز ال سعود الكبير ، حي القدس ، الرياض ، الرياض,"22,000 ريال",40 م²,/محلات-للإيجار/الرياض/شرق-الرياض/حي-القدس/شارع-الامير-سعود-بن-عبدالعزيز-ال-سعود-الكبير-حي-القدس-الرياض-الرياض-3147834,جنوب,,
183,183,محل للإيجار في شارع الكتاب ، حي السعادة ، الرياض ، الرياض,"12,000 ريال",24 م²,/محلات-للإيجار/الرياض/شرق-الرياض/حي-السعادة/شارع-الكتاب-حي-السعادة-الرياض-الرياض-3671329,غرب,36 م, 18 سنة
184,184,محل للإيجار في شارع البرق ، حي النظيم ، الرياض ، الرياض,"20,000 ريال",40 م²,/محلات-للإيجار/الرياض/شرق-الرياض/حي-النظيم/شارع-البرق-حي-النظيم-الرياض-الرياض-3729111,جنوب,,
185,185,محل للإيجار في حي الندوة ، الرياض ، الرياض,"10,000 ريال",44 م²,/محلات-للإيجار/الرياض/شرق-الرياض/حي-النظيم/حي-الندوة-الرياض-الرياض-3630316,شرق,36 م, 6 سنة
186,186,محل للإيجار في شارع الصحابة ، حي اشبيلية ، الرياض ، الرياض,"80,000 ريال",113 م²,/محلات-للإيجار/الرياض/شرق-الرياض/حي-اشبيلية/شارع-الصحابة-حي-اشبيلية-الرياض-الرياض-3684258,شمال,40 م, 5 سنة
187,187,محل للإيجار في شارع ام الشبرم ، حي الروضة ، الرياض ، الرياض,"290,000 ريال",630 م²,/محلات-للإيجار/الرياض/شرق-الرياض/حي-الروضة/شارع-ام-الشبرم-حي-الروضة-الرياض-الرياض-3435782,شمال,30 م, 10 سنة
188,188,محل للإيجار في شارع عبدالله بن مسعود ، حي النسيم الغربي ، الرياض ، الرياض,"70,000 ريال",112 م²,/محلات-للإيجار/الرياض/شرق-الرياض/حي-النسيم-الغربي/شارع-عبدالله-بن-مسعود-حي-النسيم-الغربي-الرياض-الرياض-3532022,غرب,30 م, 7 سنة
189,189,محل للإيجار في شارع خالد بن الوليد ، حي الاندلس ، الرياض ، الرياض,"80,000 ريال",160 م²,/محلات-للإيجار/الرياض/شرق-الرياض/حي-الاندلس/شارع-خالد-بن-الوليد-حي-الاندلس-الرياض-الرياض-3404637,جنوب غربي,40 م, 3 سنة
190,190,محل للإيجار في حي الجنادرية ، الرياض ، الرياض,"65,000 ريال",88 م²,/محلات-للإيجار/الرياض/شرق-الرياض/حي-الجنادرية/حي-الجنادرية-الرياض-الرياض-3552842,غرب,40 م, 4 سنة
191,191,محل للإيجار في حي المونسية ، الرياض ، الرياض,"14,000 ريال",35 م²,/محلات-للإيجار/الرياض/شرق-الرياض/حي-المونسية/حي-المونسية-الرياض-الرياض-3555538,شمال,,
192,192,محل للإيجار في حي الجنادرية ، الرياض ، الرياض,"17,000 ريال",40 م²,/محلات-للإيجار/الرياض/شرق-الرياض/حي-الجنادرية/حي-الجنادرية-الرياض-الرياض-3633806,جنوب غربي,30 م,جديد
193,193,محل للإيجار في حي ، شارع الرشد ، حي المونسية ، الرياض ، الرياض,"15,000 ريال",45 م²,/محلات-للإيجار/الرياض/شرق-الرياض/حي-المونسية/حي-شارع-الرشد-حي-المونسية-الرياض-الرياض-3590514,شمال,35 م, 7 سنة
194,194,محل للإيجار في شارع الشيخ عبدالعزيز بن عبدالرحمن بن بشر ، حي الخليج ، الرياض ، الرياض,"10,000 ريال",35 م²,/محلات-للإيجار/الرياض/شرق-الرياض/حي-الخليج/شارع-الشيخ-عبدالعزيز-بن-عبدالرحمن-بن-بشر-حي-الخليج-الرياض-الرياض-3386785,شمال,,
195,195,محل للإيجار في شارع عنيزة ، حي الروابي ، الرياض ، الرياض,"18,000 ريال",50 م²,/محلات-للإيجار/الرياض/شرق-الرياض/حي-الروابي/شارع-عنيزة-حي-الروابي-الرياض-الرياض-3625753,غرب,,
196,196,محل للإيجار في شارع الضياء ، حي الجنادرية ، الرياض ، الرياض,"100,000 ريال",400 م²,/محلات-للإيجار/الرياض/شرق-الرياض/حي-الجنادرية/شارع-الضياء-حي-الجنادرية-الرياض-الرياض-3568008,جنوب,40 م,جديد
197,197,محل للإيجار في شارع معهد الادارة ، حي الملز ، الرياض ، الرياض,"35,000 ريال",45 م²,/محلات-للإيجار/الرياض/شرق-الرياض/حي-الملز/شارع-معهد-الادارة-حي-الملز-الرياض-الرياض-2862363,شرق,25 م, 15 سنة
198,198,محل للإيجار في حي الجنادرية ، الرياض ، الرياض,"18,000 ريال",40 م²,/محلات-للإيجار/الرياض/شرق-الرياض/حي-الجنادرية/حي-الجنادرية-الرياض-الرياض-3588060,شمال,30 م, 3 سنة
199,199,محل للإيجار في شارع ابن ابي العيون ، حي القدس ، الرياض ، الرياض,"28,000 ريال",38 م²,/محلات-للإيجار/الرياض/شرق-الرياض/حي-القدس/شارع-ابن-ابي-العيون-حي-القدس-الرياض-الرياض-2005036,شرق,30 م,جديد
200,200,محل للإيجار في طريق الملك عبدالله ، حي الخليج ، الرياض ، الرياض,"300,000 ريال",560 م²,/محلات-للإيجار/الرياض/شرق-الرياض/حي-الخليج/طريق-الملك-عبدالله-حي-الخليج-الرياض-الرياض-3549263,شمال,60 م, 10 سنة
201,201,محل للإيجار في طريق الإمام عبدالله بن سعود بن عبدالعزيز ، حي اشبيلية ، الرياض ، الرياض,"139,800 ريال",233 م²,/محلات-للإيجار/الرياض/شرق-الرياض/حي-اشبيلية/طريق-الإمام-عبدالله-بن-سعود-بن-عبدالعزيز-حي-اشبيلية-الرياض-الرياض-3609149,شمال,60 م,جديد
202,202,محل للإيجار في شارع الشيخ عبدالعزيز بن عبدالرحمن بن بشر ، حي الخليج ، الرياض ، الرياض,"15,000 ريال",36 م²,/محلات-للإيجار/الرياض/شرق-الرياض/حي-الخليج/شارع-الشيخ-عبدالعزيز-بن-عبدالرحمن-بن-بشر-حي-الخليج-الرياض-الرياض-3094403,جنوب,40 م, 8 سنة
203,203,محل للإيجار في شارع الجبيل ، حي الخليج ، الرياض ، الرياض,"15,000 ريال",30 م²,/محلات-للإيجار/الرياض/شرق-الرياض/حي-الخليج/شارع-الجبيل-حي-الخليج-الرياض-الرياض-3763887,غرب,40 م, 9 سنة
204,204,محل للإيجار في 8188-8208 ، طريق الشيخ حسن بن حسين بن علي ، حي قرطبة ، الرياض ، الرياض,"30,000 ريال",35 م²,/محلات-للإيجار/الرياض/شرق-الرياض/حي-قرطبة/8188-8208-طريق-الشيخ-حسن-بن-حسين-بن-علي-حي-قرطبة-الرياض-الرياض-3527633,جنوب,,
205,205,محل للإيجار في حي ، شارع خالد بن الوليد ، حي الملك فيصل ، الرياض ، الرياض,"300,000 ريال",1560 م²,/محلات-للإيجار/الرياض/شرق-الرياض/حي-الملك-فيصل/حي-شارع-خالد-بن-الوليد-حي-الملك-فيصل-الرياض-الرياض-3232309,غرب,60 م, 20 سنة
206,206,محل للإيجار في شارع السنبل ، حي الجنادرية ، الرياض ، الرياض,"50,000 ريال",80 م²,/محلات-للإيجار/الرياض/شرق-الرياض/حي-الجنادرية/شارع-السنبل-حي-الجنادرية-الرياض-الرياض-3560555,شمال,40 م,جديد
207,207,محل للإيجار في شارع السنبل ، حي الجنادرية ، الرياض ، الرياض,"50,000 ريال",88 م²,/محلات-للإيجار/الرياض/شرق-الرياض/حي-الجنادرية/شارع-السنبل-حي-الجنادرية-الرياض-الرياض-3590461,شمال,40 م,جديد
208,208,محل للإيجار في شارع عبدالله المويس ، حي الرمال ، الرياض ، الرياض,"30,000 ريال",48 م²,/محلات-للإيجار/الرياض/شرق-الرياض/حي-الرمال/شارع-عبدالله-المويس-حي-الرمال-الرياض-الرياض-3583473,شرق,30 م, 4 سنة
209,209,محل للإيجار في طريق الإمام عبدالله بن سعود بن عبدالعزيز ، حي اشبيلية ، الرياض ، الرياض,"574,200 ريال",957 م²,/محلات-للإيجار/الرياض/شرق-الرياض/حي-اشبيلية/طريق-الإمام-عبدالله-بن-سعود-بن-عبدالعزيز-حي-اشبيلية-الرياض-الرياض-3609087,شمال,60 م,جديد
210,210,محل للإيجار في حي ، شارع الإمام أحمد بن حنبل ، حي النسيم الغربي ، الرياض ، الرياض,"30,000 ريال",110 م²,/محلات-للإيجار/الرياض/شرق-الرياض/حي-النسيم-الغربي/حي-شارع-الإمام-أحمد-بن-حنبل-حي-النسيم-الغربي-الرياض-الرياض-3274580,جنوب,40 م, 22 سنة
211,211,محل للإيجار في شارع عنيزة ، حي الروابي ، الرياض ، الرياض,"50,000 ريال",10 م²,/محلات-للإيجار/الرياض/شرق-الرياض/حي-الروابي/شارع-عنيزة-حي-الروابي-الرياض-الرياض-3246617,غرب,,
212,212,محل للإيجار في شارع البلقاء ، حي المونسية ، الرياض ، الرياض,"30,000 ريال",48 م²,/محلات-للإيجار/الرياض/شرق-الرياض/حي-المونسية/شارع-البلقاء-حي-المونسية-الرياض-الرياض-3331358,شمال,36 م,جديد
213,213,محل للإيجار في طريق الإمام عبدالله بن سعود بن عبدالعزيز الفرعي ، حي اليرموك ، الرياض ، الرياض,"350,000 ريال",550 م²,/محلات-للإيجار/الرياض/شرق-الرياض/حي-اليرموك/طريق-الإمام-عبدالله-بن-سعود-بن-عبدالعزيز-الفرعي-حي-اليرموك-الرياض-الرياض-2471565,جنوب,60 م, 15 سنة
214,214,محل للإيجار في حي ، شارع عبدالله بن مسعود ، حي النسيم الغربي ، الرياض ، الرياض,"65,000 ريال",132 م²,/محلات-للإيجار/الرياض/شرق-الرياض/حي-النسيم-الغربي/حي-شارع-عبدالله-بن-مسعود-حي-النسيم-الغربي-الرياض-الرياض-3761493,غرب,,
215,215,محل للإيجار في شارع الحارث بن عبدالله ، حي الندوة ، الرياض ، الرياض,"35,000 ريال",40 م²,/محلات-للإيجار/الرياض/شرق-الرياض/حي-النظيم/شارع-الحارث-بن-عبدالله-حي-الندوة-الرياض-الرياض-3736459,شرق,40 م, 10 سنة
216,216,محل للإيجار في شارع دباس بن راشد ، حي قرطبة ، الرياض ، الرياض,"100,000 ريال",160 م²,/محلات-للإيجار/الرياض/شرق-الرياض/حي-قرطبة/شارع-دباس-بن-راشد-حي-قرطبة-الرياض-الرياض-3659535,شمال,37 م, 7 سنة
217,217,محل للإيجار في شارع حسان بن ثابت ، حي النسيم الغربي ، الرياض ، الرياض,"70,000 ريال",96 م²,/محلات-للإيجار/الرياض/شرق-الرياض/حي-النسيم-الغربي/شارع-حسان-بن-ثابت-حي-النسيم-الغربي-الرياض-الرياض-3182816,شرق,35 م, 8 سنة
218,218,محل للإيجار في حي ، شارع قس بن ساعدة ، حي الملك فيصل ، الرياض ، الرياض,"7,000 ريال",36 م²,/محلات-للإيجار/الرياض/شرق-الرياض/حي-الملك-فيصل/حي-شارع-قس-بن-ساعدة-حي-الملك-فيصل-الرياض-الرياض-3660756,شمال,30 م, 17 سنة
219,219,محل للإيجار في شارع ابي سعيد الخدري ، حي الخليج ، الرياض ، الرياض,"10,000 ريال",32 م²,/محلات-للإيجار/الرياض/شرق-الرياض/حي-الخليج/شارع-ابي-سعيد-الخدري-حي-الخليج-الرياض-الرياض-3551953,شمال,40 م, 4 سنة
220,220,محل للإيجار في حي ، طريق الأمير محمد بن سلمان بن عبدالعزيز ، حي المونسية ، الرياض ، الرياض,"50,000 ريال",75 م²,/محلات-للإيجار/الرياض/شرق-الرياض/حي-المونسية/حي-طريق-الأمير-محمد-بن-سلمان-بن-عبدالعزيز-حي-المونسية-الرياض-الرياض-3636615,جنوب,80 م,جديد
221,221,محل للإيجار في طريق الامام سعود بن عبدالعزيز بن محمد الفرعي ، حي الازدهار ، الرياض ، الرياض,"400,000 ريال",273 م²,/محلات-للإيجار/الرياض/شرق-الرياض/حي-الازدهار/طريق-الامام-سعود-بن-عبدالعزيز-بن-محمد-الفرعي-حي-الازدهار-الرياض-الرياض-2934481,جنوب غربي,60 م, 20 سنة
222,222,محل للإيجار في شارع الامير سعود بن عبدالعزيز ال سعود الكبير ، حي القدس ، الرياض ، الرياض,"22,000 ريال",44 م²,/محلات-للإيجار/الرياض/شرق-الرياض/حي-القدس/شارع-الامير-سعود-بن-عبدالعزيز-ال-سعود-الكبير-حي-القدس-الرياض-الرياض-2798789,جنوب,,
223,223,محل للإيجار في شارع سعد بن ابي وقاص ، حي النسيم الغربي ، الرياض ، الرياض,"180,000 ريال",680 م²,/محلات-للإيجار/الرياض/شرق-الرياض/حي-النسيم-الغربي/شارع-سعد-بن-ابي-وقاص-حي-النسيم-الغربي-الرياض-الرياض-3653855,غرب,40 م, 5 سنة
224,224,محل للإيجار في حي الفيحاء ، الرياض ، الرياض,"40,000 ريال",80 م²,/محلات-للإيجار/الرياض/شرق-الرياض/حي-الفيحاء/حي-الفيحاء-الرياض-الرياض-3433618,جنوب,,
225,225,محل للإيجار في طريق الدمام الفرعي ، حي غرناطة ، الرياض ، الرياض,"120,000 ريال",138 م²,/محلات-للإيجار/الرياض/شرق-الرياض/حي-غرناطة/طريق-الدمام-الفرعي-حي-غرناطة-الرياض-الرياض-3344876,شمال شرقي,100 م,جديد
226,226,محل للإيجار في حي ، شارع الشيخ حسن بن حسين بن علي ، حي الملك فيصل ، الرياض ، الرياض,"25,000 ريال",65 م²,/محلات-للإيجار/الرياض/شرق-الرياض/حي-الملك-فيصل/حي-شارع-الشيخ-حسن-بن-حسين-بن-علي-حي-الملك-فيصل-الرياض-الرياض-3740811,شرق,40 م, 15 سنة
227,227,محل للإيجار في شارع يزيد بن مزيد ، حي السعادة ، الرياض ، الرياض,"7,000 ريال",650 م²,/محلات-للإيجار/الرياض/شرق-الرياض/حي-السعادة/شارع-يزيد-بن-مزيد-حي-السعادة-الرياض-الرياض-3702842,غرب,60 م, 25 سنة
228,228,محل للإيجار في حي المونسية ، الرياض ، الرياض,"25,000 ريال",56 م²,/محلات-للإيجار/الرياض/شرق-الرياض/حي-المونسية/حي-المونسية-الرياض-الرياض-3515629,شرق,35 م, 9 سنة
229,229,محل للإيجار في طريق عمر بن الخطاب الفرعي ، حي الملز ، الرياض ، الرياض,"95,000 ريال",220 م²,/محلات-للإيجار/الرياض/شرق-الرياض/حي-الملز/طريق-عمر-بن-الخطاب-الفرعي-حي-الملز-الرياض-الرياض-3461422,جنوب,,
230,230,محل للإيجار في شارع الصلاح ، حي الندوة ، الرياض ، الرياض,"350,000 ريال",160 م²,/محلات-للإيجار/الرياض/شرق-الرياض/حي-النظيم/شارع-الصلاح-حي-الندوة-الرياض-الرياض-3671843,شمال,30 م,جديد
231,231,محل للإيجار في شارع الحكم المستنصر بالله ، حي الخليج ، الرياض ، الرياض,"27,000 ريال",110 م²,/محلات-للإيجار/الرياض/شرق-الرياض/حي-الخليج/شارع-الحكم-المستنصر-بالله-حي-الخليج-الرياض-الرياض-3735130,شرق,30 م, 24 سنة
232,232,محل للإيجار في حي ، شارع الرشد ، حي المونسية ، الرياض ، الرياض,"30,000 ريال",98 م²,/محلات-للإيجار/الرياض/شرق-الرياض/حي-المونسية/حي-شارع-الرشد-حي-المونسية-الرياض-الرياض-3645162,شمال,36 م, 5 سنة
233,233,محل للإيجار في طريق الملك عبدالله ، حي الخليج ، الرياض ، الرياض,"250,000 ريال",500 م²,/محلات-للإيجار/الرياض/شرق-الرياض/حي-الخليج/طريق-الملك-عبدالله-حي-الخليج-الرياض-الرياض-3001545,شمال,40 م, 20 سنة
234,234,محل للإيجار في شارع الامير سعود بن عبدالعزيز ال سعود الكبير ، حي القدس ، الرياض ، الرياض,"44,000 ريال",75 م²,/محلات-للإيجار/الرياض/شرق-الرياض/حي-القدس/شارع-الامير-سعود-بن-عبدالعزيز-ال-سعود-الكبير-حي-القدس-الرياض-الرياض-3596298,شمال,,
235,235,محل للإيجار في شارع الإمام الشافعي ، حي الروابي ، الرياض ، الرياض,"26,000 ريال",72 م²,/محلات-للإيجار/الرياض/شرق-الرياض/حي-الروابي/شارع-الإمام-الشافعي-حي-الروابي-الرياض-الرياض-2901555,شرق,,
236,236,محل للإيجار في شارع الحسن بن علي ، حي الروضة ، الرياض ، الرياض,"55,000 ريال",80 م²,/محلات-للإيجار/الرياض/شرق-الرياض/حي-الروضة/شارع-الحسن-بن-علي-حي-الروضة-الرياض-الرياض-3502404,غرب,,
237,237,محل للإيجار في شارع الندوة ، حي الندوة ، الرياض ، الرياض,"18,000 ريال",48 م²,/محلات-للإيجار/الرياض/شرق-الرياض/حي-النظيم/شارع-الندوة-حي-الندوة-الرياض-الرياض-3715343,شمال,50 م, 10 سنة
238,238,محل للإيجار في شارع سلمان الفارسي ، حي الخليج ، الرياض ، الرياض,"55,000 ريال",290 م²,/محلات-للإيجار/الرياض/شرق-الرياض/حي-الخليج/شارع-سلمان-الفارسي-حي-الخليج-الرياض-الرياض-3672377,غرب,40 م, 15 سنة
239,239,محل للإيجار في کبری فحص الدوری ، طريق الدمام ، حي اليرموك ، الرياض ، الرياض,"200,000 ريال",170 م²,/محلات-للإيجار/الرياض/شرق-الرياض/حي-الرمال/کبری-فحص-الدوری-طريق-الدمام-حي-اليرموك-الرياض-الرياض-3754608,جنوب,30 م, 4 سنة
240,240,محل للإيجار في شارع الإمام أحمد بن حنبل ، حي الريان ، الرياض ، الرياض,"50,000 ريال",40 م²,/محلات-للإيجار/الرياض/شرق-الرياض/حي-الريان/شارع-الإمام-أحمد-بن-حنبل-حي-الريان-الرياض-الرياض-3582429,جنوب,40 م, 3 سنة
241,241,محل للإيجار في حي ، شارع جبل علي ، حي النسيم الشرقي ، الرياض ، الرياض,"25,000 ريال",150 م²,/محلات-للإيجار/الرياض/شرق-الرياض/حي-النسيم-الشرقي/حي-شارع-جبل-علي-حي-النسيم-الشرقي-الرياض-الرياض-3453971,جنوب شرقي,,
242,242,محل للإيجار في شارع الهفوف ، حي النسيم الشرقي ، الرياض ، الرياض,"48,000 ريال",4000 م²,/محلات-للإيجار/الرياض/شرق-الرياض/حي-النسيم-الشرقي/شارع-الهفوف-حي-النسيم-الشرقي-الرياض-الرياض-3269331,شمال,30 م, 24 سنة
243,243,محل للإيجار في طريق عمر بن الخطاب الفرعي ، حي الملز ، الرياض ، الرياض,"55,000 ريال",80 م²,/محلات-للإيجار/الرياض/شرق-الرياض/حي-الملز/طريق-عمر-بن-الخطاب-الفرعي-حي-الملز-الرياض-الرياض-2788191,شرق,,
244,244,محل للإيجار في شارع حفصة بنت عمر ، حي الروضة ، الرياض ، الرياض,"26,000 ريال",28 م²,/محلات-للإيجار/الرياض/شرق-الرياض/حي-الروضة/شارع-حفصة-بنت-عمر-حي-الروضة-الرياض-الرياض-3526304,جنوب,30 م, 21 سنة
245,245,محل للإيجار في حي النسيم الشرقي ، الرياض ، الرياض,"70,000 ريال",112 م²,/محلات-للإيجار/الرياض/شرق-الرياض/حي-النسيم-الشرقي/حي-النسيم-الشرقي-الرياض-الرياض-3517248,جنوب,,
246,246,محل للإيجار في شارع رفاعة بن اوس ، حي الندوة ، الرياض ، الرياض,"22,000 ريال",50 م²,/محلات-للإيجار/الرياض/شرق-الرياض/حي-النظيم/شارع-رفاعة-بن-اوس-حي-الندوة-الرياض-الرياض-3517211,شرق,21 م, 10 سنة
247,247,محل للإيجار في حي ، شارع القياس ، حي المونسية ، الرياض ، الرياض,"10,000 ريال",40 م²,/محلات-للإيجار/الرياض/شرق-الرياض/حي-المونسية/حي-شارع-القياس-حي-المونسية-الرياض-الرياض-3759722,غرب,,
248,248,محل للإيجار في حي ، شارع ابراهيم البرهان ، حي الجنادرية ، الرياض ، الرياض,"25,000 ريال",88 م²,/محلات-للإيجار/الرياض/شرق-الرياض/حي-الجنادرية/حي-شارع-ابراهيم-البرهان-حي-الجنادرية-الرياض-الرياض-3504777,غرب,40 م, 3 سنة
249,249,محل للإيجار في شارع رفاعة بن اوس ، حي النظيم ، الرياض ، الرياض,"16,500 ريال",60 م²,/محلات-للإيجار/الرياض/شرق-الرياض/حي-النظيم/شارع-رفاعة-بن-اوس-حي-النظيم-الرياض-الرياض-3710827,شرق,,
250,250,محل للإيجار في شارع الشيخ حسن بن حسين بن علي ، حي الحمراء ، الرياض ، الرياض,"110,000 ريال",200 م²,/محلات-للإيجار/الرياض/شرق-الرياض/حي-الحمراء/شارع-الشيخ-حسن-بن-حسين-بن-علي-حي-الحمراء-الرياض-الرياض-3182325,شرق,60 م,جديد
251,251,محل للإيجار في حي الجنادرية ، الرياض ، الرياض,"15,000 ريال",40 م²,/محلات-للإيجار/الرياض/شرق-الرياض/حي-الجنادرية/حي-الجنادرية-الرياض-الرياض-3505496,شمال,30 م, 5 سنة
252,252,محل للإيجار في حي ، شارع حسان بن ثابت ، حي النسيم الشرقي ، الرياض ، الرياض,"7,000 ريال",25 م²,/محلات-للإيجار/الرياض/شرق-الرياض/حي-النسيم-الشرقي/حي-شارع-حسان-بن-ثابت-حي-النسيم-الشرقي-الرياض-الرياض-3434708,شمال غربي,,
253,253,محل للإيجار في شارع حسان بن ثابت ، حي النسيم الشرقي ، الرياض ، الرياض,"8,000 ريال",80 م²,/محلات-للإيجار/الرياض/شرق-الرياض/حي-النسيم-الشرقي/شارع-حسان-بن-ثابت-حي-النسيم-الشرقي-الرياض-الرياض-3357009,غرب,40 م, 18 سنة
254,254,محل للإيجار في شارع سودة ، حي اليرموك ، الرياض ، الرياض,"35,000 ريال",66 م²,/محلات-للإيجار/الرياض/شرق-الرياض/حي-اليرموك/شارع-سودة-حي-اليرموك-الرياض-الرياض-3173868,جنوب,30 م, 6 سنة
255,255,محل للإيجار في طريق الإمام عبدالله بن سعود بن عبدالعزيز ، حي اشبيلية ، الرياض ، الرياض,"150,000 ريال",150 م²,/محلات-للإيجار/الرياض/شرق-الرياض/حي-اشبيلية/طريق-الإمام-عبدالله-بن-سعود-بن-عبدالعزيز-حي-اشبيلية-الرياض-الرياض-3687520,شمال,,
256,256,محل للإيجار في شارع رقم 428 ، حي المونسية ، الرياض ، الرياض,"350,000 ريال",600 م²,/محلات-للإيجار/الرياض/شرق-الرياض/حي-المونسية/شارع-رقم-428-حي-المونسية-الرياض-الرياض-3649327,شمال شرقي,36 م, 5 سنة
257,257,محل للإيجار في شارع التراث ، حي الندوة ، الرياض ، الرياض,"25,000 ريال",55 م²,/محلات-للإيجار/الرياض/شرق-الرياض/حي-النظيم/شارع-التراث-حي-الندوة-الرياض-الرياض-3644608,شرق,30 م, 10 سنة
258,258,محل للإيجار في الضحيان معارض و مكاتب اليرموك ، حي اليرموك ، الرياض ، الرياض,"249,000 ريال",166 م²,/محلات-للإيجار/الرياض/شرق-الرياض/حي-اليرموك/الضحيان-معارض-و-مكاتب-اليرموك-حي-اليرموك-الرياض-الرياض-3612299,شمال,100 م, 8 سنة
259,259,محل للإيجار في حي الملز ، الرياض ، الرياض,"75,000 ريال",250 م²,/محلات-للإيجار/الرياض/شرق-الرياض/حي-الملز/حي-الملز-الرياض-الرياض-3470341,جنوب,20 م, 3 سنة
260,260,محل للإيجار في شارع الامير بندر بن عبدالعزيز ، حي النهضة ، الرياض ، الرياض,"60,000 ريال",90 م²,/محلات-للإيجار/الرياض/شرق-الرياض/حي-النهضة/شارع-الامير-بندر-بن-عبدالعزيز-حي-النهضة-الرياض-الرياض-3593559,شمال,40 م, 36 سنة
261,261,محل للإيجار في طريق عمر بن عبدالعزيز ، حي الريان ، الرياض ، الرياض,"150,000 ريال",225 م²,/محلات-للإيجار/الرياض/شرق-الرياض/حي-الريان/طريق-عمر-بن-عبدالعزيز-حي-الريان-الرياض-الرياض-3671507,جنوب,60 م, 10 سنة
262,262,محل للإيجار في شارع الشيخ حسن بن حسين بن علي ، حي الحمراء ، الرياض ، الرياض,"1,800 ريال",1320 م²,/محلات-للإيجار/الرياض/شرق-الرياض/حي-الحمراء/شارع-الشيخ-حسن-بن-حسين-بن-علي-حي-الحمراء-الرياض-الرياض-3468106,شرق,,
263,263,محل للإيجار في حي الملز ، الرياض ، الرياض,"75,000 ريال",250 م²,/محلات-للإيجار/الرياض/شرق-الرياض/حي-الملز/حي-الملز-الرياض-الرياض-3470341,جنوب,20 م, 3 سنة
264,264,محل للإيجار في حي ، طريق الدمام ، حي المونسية ، الرياض ، الرياض,"1,000 ريال",200 م²,/محلات-للإيجار/الرياض/شرق-الرياض/حي-المونسية/حي-طريق-الدمام-حي-المونسية-الرياض-الرياض-3412418,غرب,5 م,جديد
265,265,محل للإيجار في شارع الزبير بن العوام ، حي السلام ، الرياض ، الرياض,"70,000 ريال",160 م²,/محلات-للإيجار/الرياض/شرق-الرياض/حي-السلام/شارع-الزبير-بن-العوام-حي-السلام-الرياض-الرياض-3710724,غرب,30 م, 17 سنة
266,266,محل للإيجار في شارع المقضاة ، حي اليرموك ، الرياض ، الرياض,"22,000 ريال",35 م²,/محلات-للإيجار/الرياض/شرق-الرياض/حي-اليرموك/شارع-المقضاة-حي-اليرموك-الرياض-الرياض-3444787,شرق,40 م, 5 سنة
267,267,محل للإيجار في حي ، شارع الاملي ، حي النسيم الغربي ، الرياض ، الرياض,"70,000 ريال",132 م²,/محلات-للإيجار/الرياض/شرق-الرياض/حي-النسيم-الغربي/حي-شارع-الاملي-حي-النسيم-الغربي-الرياض-الرياض-3623945,جنوب,,
268,268,محل للإيجار في الرياض ، حي الرمال ، الرياض,"23,000 ريال",56 م²,/محلات-للإيجار/الرياض/شرق-الرياض/حي-الرمال/الرياض-حي-الرمال-الرياض-3317734,شرق,60 م, 10 سنة
269,269,محل للإيجار في حي ، شارع التنعيم ، حي المونسية ، الرياض ، الرياض,"90,000 ريال",248 م²,/محلات-للإيجار/الرياض/شرق-الرياض/حي-المونسية/حي-شارع-التنعيم-حي-المونسية-الرياض-الرياض-3642483,جنوب,30 م,جديد
270,270,محل للإيجار في شارع عبادة بن الصامت ، حي الروضة ، الرياض ، الرياض,"32,000 ريال",110 م²,/محلات-للإيجار/الرياض/شرق-الرياض/حي-الروضة/شارع-عبادة-بن-الصامت-حي-الروضة-الرياض-الرياض-3637128,شمال,30 م, 25 سنة
271,271,محل للإيجار في شارع الجبيل ، حي النهضة ، الرياض ، الرياض,"14,000 ريال",30 م²,/محلات-للإيجار/الرياض/شرق-الرياض/حي-النهضة/شارع-الجبيل-حي-النهضة-الرياض-الرياض-3676330,غرب,,
272,272,محل للإيجار في طريق صلاح الدين الأيوبي ، حي الملز ، الرياض ، الرياض,"300,000 ريال",165 م²,/محلات-للإيجار/الرياض/شرق-الرياض/حي-الملز/طريق-صلاح-الدين-الأيوبي-حي-الملز-الرياض-الرياض-3560640,غرب,61 م, 30 سنة
273,273,محل للإيجار في شارع الشرائع ، حي المونسية ، الرياض ، الرياض,"15,000 ريال",47 م²,/محلات-للإيجار/الرياض/شرق-الرياض/حي-المونسية/شارع-الشرائع-حي-المونسية-الرياض-الرياض-3352631,شمال,30 م, 2 سنة
274,274,محل للإيجار في الرياض ، حي المونسية ، الرياض,"50,000 ريال",16 م²,/محلات-للإيجار/الرياض/شرق-الرياض/حي-المونسية/الرياض-حي-المونسية-الرياض-3710688,جنوب,,
275,275,محل للإيجار في شارع علي الابياري ، حي السعادة ، الرياض ، الرياض,"180,000 ريال",300 م²,/محلات-للإيجار/الرياض/شرق-الرياض/حي-السعادة/شارع-علي-الابياري-حي-السعادة-الرياض-الرياض-3412594,غرب,20 م, 20 سنة
276,276,محل للإيجار في شارع الجامعة ، حي الملز ، الرياض ، الرياض,"60,000 ريال",70 م²,/محلات-للإيجار/الرياض/شرق-الرياض/حي-الملز/شارع-الجامعة-حي-الملز-الرياض-الرياض-3744356,جنوب,,
277,277,محل للإيجار في شارع وادي المناقب ، حي غرناطة ، الرياض ، الرياض,"20,000 ريال",36 م²,/محلات-للإيجار/الرياض/شرق-الرياض/حي-الشهداء/شارع-وادي-المناقب-حي-غرناطة-الرياض-الرياض-3628705,شمال شرقي,35 م, 7 سنة
278,278,محل للإيجار في شارع الجامعة ، حي الملز ، الرياض ، الرياض,"35,000 ريال",70 م²,/محلات-للإيجار/الرياض/شرق-الرياض/حي-الملز/شارع-الجامعة-حي-الملز-الرياض-الرياض-3671906,جنوب,30 م, 6 سنة
279,279,محل للإيجار في شارع الجامعة ، حي الملز ، الرياض ، الرياض,"35,000 ريال",70 م²,/محلات-للإيجار/الرياض/شرق-الرياض/حي-الملز/شارع-الجامعة-حي-الملز-الرياض-الرياض-3648192,جنوب,30 م, 9 سنة
280,280,محل للإيجار في شارع محمد بن علي بن فضل الطبري ، حي الرمال ، الرياض ، الرياض,"18,000 ريال",600 م²,/محلات-للإيجار/الرياض/شرق-الرياض/حي-الرمال/شارع-محمد-بن-علي-بن-فضل-الطبري-حي-الرمال-الرياض-الرياض-3608170,شرق,,
281,281,محل للإيجار في شارع الشيخ حسن بن حسين بن علي ، حي اشبيلية ، الرياض ، الرياض,"50,000 ريال",60 م²,/محلات-للإيجار/الرياض/شرق-الرياض/حي-اشبيلية/شارع-الشيخ-حسن-بن-حسين-بن-علي-حي-اشبيلية-الرياض-الرياض-3544037,جنوب غربي,,
282,282,محل للإيجار في حي الرمال ، الرياض ، الرياض,"25,000 ريال",56 م²,/محلات-للإيجار/الرياض/شرق-الرياض/حي-الرمال/حي-الرمال-الرياض-الرياض-3725495,جنوب شرقي,46 م,جديد
283,283,محل للإيجار في شارع سيبويه ، حي الروضة ، الرياض ، الرياض,"6,000 ريال",18 م²,/محلات-للإيجار/الرياض/شرق-الرياض/حي-الروضة/شارع-سيبويه-حي-الروضة-الرياض-الرياض-3485771,شرق,25 م, 30 سنة
284,284,محل للإيجار في شارع أحمد بن محمد السديري ، حي القدس ، الرياض ، الرياض,"55,000 ريال",47 م²,/محلات-للإيجار/الرياض/شرق-الرياض/حي-القدس/شارع-أحمد-بن-محمد-السديري-حي-القدس-الرياض-الرياض-3376368,جنوب,40 م, 11 سنة
285,285,محل للإيجار في حي النهضة ، الرياض ، الرياض,"80,000 ريال",120 م²,/محلات-للإيجار/الرياض/شرق-الرياض/حي-النهضة/حي-النهضة-الرياض-الرياض-3753306,جنوب,,
286,286,محل للإيجار في حي ، شارع حسان بن ثابت ، حي النسيم الشرقي ، الرياض ، الرياض,"60,000 ريال",112 م²,/محلات-للإيجار/الرياض/شرق-الرياض/حي-النسيم-الشرقي/حي-شارع-حسان-بن-ثابت-حي-النسيم-الشرقي-الرياض-الرياض-3261164,غرب,40 م, 20 سنة
287,287,محل للإيجار في شارع اسماعيل الدهان ، حي الرمال ، الرياض ، الرياض,"20,000 ريال",50 م²,/محلات-للإيجار/الرياض/شرق-الرياض/حي-الرمال/شارع-اسماعيل-الدهان-حي-الرمال-الرياض-الرياض-3686422,شرق,,
288,288,محل للإيجار في شارع وادي المناقب ، حي غرناطة ، الرياض ، الرياض,"20,000 ريال",36 م²,/محلات-للإيجار/الرياض/شرق-الرياض/حي-الشهداء/شارع-وادي-المناقب-حي-غرناطة-الرياض-الرياض-3628735,شمال شرقي,36 م, 8 سنة
289,289,محل للإيجار في الرياض ، حي قرطبة ، الرياض,"230,000 ريال",400 م²,/محلات-للإيجار/الرياض/شرق-الرياض/حي-قرطبة/الرياض-حي-قرطبة-الرياض-3680858,غرب,60 م, 3 سنة
290,290,محل للإيجار في حي السعادة ، الرياض ، الرياض,"13,000 ريال",56 م²,/محلات-للإيجار/الرياض/شرق-الرياض/حي-السعادة/حي-السعادة-الرياض-الرياض-3467729,شمال,30 م,جديد
291,291,محل للإيجار في حي ، شارع عبدالله بن مسعود ، حي النسيم الغربي ، الرياض ، الرياض,"10,000 ريال",30 م²,/محلات-للإيجار/الرياض/شرق-الرياض/حي-النسيم-الغربي/حي-شارع-عبدالله-بن-مسعود-حي-النسيم-الغربي-الرياض-الرياض-3314402,غرب,,
292,292,محل للإيجار في محطة كهرباء حي قرطبة ، طريق سعيد ابن زيد ، حي قرطبة ، الرياض ، الرياض,"200,000 ريال",270 م²,/محلات-للإيجار/الرياض/شرق-الرياض/حي-قرطبة/محطة-كهرباء-حي-قرطبة-طريق-سعيد-ابن-زيد-حي-قرطبة-الرياض-الرياض-3721224,شمال غربي,80 م, 7 سنة
293,293,محل للإيجار في حي ، شارع الامير بندر بن عبدالعزيز ، حي الملك فيصل ، الرياض ، الرياض,"32,000 ريال",50 م²,/محلات-للإيجار/الرياض/شرق-الرياض/حي-الملك-فيصل/حي-شارع-الامير-بندر-بن-عبدالعزيز-حي-الملك-فيصل-الرياض-الرياض-3399377,جنوب,40 م,جديد
294,294,محل للإيجار في طريق الإمام عبدالله بن سعود بن عبدالعزيز ، حي اليرموك ، الرياض ، الرياض,"650,000 ريال",875 م²,/محلات-للإيجار/الرياض/شرق-الرياض/حي-اليرموك/طريق-الإمام-عبدالله-بن-سعود-بن-عبدالعزيز-حي-اليرموك-الرياض-الرياض-3601632,جنوب,20 م, 6 سنة
295,295,محل للإيجار في شارع الجزيرة الخضراء ، حي الندوة ، الرياض ، الرياض,"12,000 ريال",48 م²,/محلات-للإيجار/الرياض/شرق-الرياض/حي-النظيم/شارع-الجزيرة-الخضراء-حي-الندوة-الرياض-الرياض-3460643,جنوب,35 م, 7 سنة
296,296,محل للإيجار في طريق سعيد ابن زيد ، حي قرطبة ، الرياض ، الرياض,"45,000 ريال",64 م²,/محلات-للإيجار/الرياض/شرق-الرياض/حي-قرطبة/طريق-سعيد-ابن-زيد-حي-قرطبة-الرياض-الرياض-3636460,شمال شرقي,60 م, 3 سنة
297,297,محل للإيجار في محطة كهرباء حي قرطبة ، طريق سعيد ابن زيد ، حي قرطبة ، الرياض ، الرياض,"180,000 ريال",270 م²,/محلات-للإيجار/الرياض/شرق-الرياض/حي-قرطبة/محطة-كهرباء-حي-قرطبة-طريق-سعيد-ابن-زيد-حي-قرطبة-الرياض-الرياض-3721208,شمال غربي,80 م, 7 سنة
298,298,محل للإيجار في حي ، شارع راس العين ، حي النسيم الغربي ، الرياض ، الرياض,"1,800,000 ريال",5600 م²,/محلات-للإيجار/الرياض/شرق-الرياض/حي-النسيم-الغربي/حي-شارع-راس-العين-حي-النسيم-الغربي-الرياض-الرياض-3528147,جنوب شرقي,100 م, 8 سنة
299,299,محل للإيجار في الرياض ، حي الملز ، الرياض,"30,000 ريال",21 م²,/محلات-للإيجار/الرياض/شرق-الرياض/حي-الملز/الرياض-حي-الملز-الرياض-3342035,شرق,20 م, 15 سنة
300,300,محل للإيجار في حي ، شارع اسامة بن زيد ، حي النسيم الغربي ، الرياض ، الرياض,"8,000 ريال",40 م²,/محلات-للإيجار/الرياض/شرق-الرياض/حي-النسيم-الغربي/حي-شارع-اسامة-بن-زيد-حي-النسيم-الغربي-الرياض-الرياض-3336328,شرق,30 م, 18 سنة
301,301,محل للإيجار في طريق صلاح الدين الأيوبي ، حي الملز ، الرياض ، الرياض,"100,000 ريال",50 م²,/محلات-للإيجار/الرياض/شرق-الرياض/حي-الملز/طريق-صلاح-الدين-الأيوبي-حي-الملز-الرياض-الرياض-3713908,غرب,60 م, 20 سنة
302,302,محل للإيجار في شارع سعد بن ابي وقاص ، الرياض,"12,000 ريال",50 م²,/محلات-للإيجار/الرياض/شرق-الرياض/حي-النسيم-الغربي/شارع-سعد-بن-ابي-وقاص-الرياض-1739911,جنوب شرقي,40 م, 36 سنة
303,303,محل للإيجار في شارع محمد بن إسماعيل الصنعاني ، حي الخليج ، الرياض ، الرياض,"14,000 ريال",32 م²,/محلات-للإيجار/الرياض/شرق-الرياض/حي-الخليج/شارع-محمد-بن-إسماعيل-الصنعاني-حي-الخليج-الرياض-الرياض-3493638,جنوب,40 م,جديد
304,304,محل للإيجار في شارع سعيد الحاجب ، حي الرمال ، الرياض ، الرياض,"50,000 ريال",16 م²,/محلات-للإيجار/الرياض/شرق-الرياض/حي-الرمال/شارع-سعيد-الحاجب-حي-الرمال-الرياض-الرياض-3463527,شرق,30 م,جديد
305,305,محل للإيجار في حي المونسية ، الرياض ، الرياض,"20,000 ريال",90 م²,/محلات-للإيجار/الرياض/شرق-الرياض/حي-المونسية/حي-المونسية-الرياض-الرياض-3488184,شرق,35 م, 5 سنة
306,306,محل للإيجار في طريق الأمير ماجد بن عبدالعزيز ، حي الريان ، الرياض ، الرياض,"16,000 ريال",32 م²,/محلات-للإيجار/الرياض/شرق-الرياض/حي-الريان/طريق-الأمير-ماجد-بن-عبدالعزيز-حي-الريان-الرياض-الرياض-3664702,شمال,5 م, 20 سنة
307,307,محل للإيجار في شارع وادي السرح ، حي القادسية ، الرياض ، الرياض,"700,000 ريال",1600 م²,/محلات-للإيجار/الرياض/شرق-الرياض/حي-القادسية/شارع-وادي-السرح-حي-القادسية-الرياض-الرياض-3744554,غرب,40 م,جديد
308,308,محل للإيجار في شارع ابن الهيثم ، حي الخليج ، الرياض ، الرياض,"12,000 ريال",32 م²,/محلات-للإيجار/الرياض/شرق-الرياض/حي-الخليج/شارع-ابن-الهيثم-حي-الخليج-الرياض-الرياض-3493641,جنوب,40 م,جديد
309,309,محل للإيجار في حي ، شارع جبل مرة ، حي النسيم الشرقي ، الرياض ، الرياض,"40,000 ريال",78 م²,/محلات-للإيجار/الرياض/شرق-الرياض/حي-النسيم-الشرقي/حي-شارع-جبل-مرة-حي-النسيم-الشرقي-الرياض-الرياض-3631398,غرب,40 م, 25 سنة
310,310,محل للإيجار في شارع عبدالله بن مسعود ، حي النسيم الغربي ، الرياض ، الرياض,"6,000 ريال",30 م²,/محلات-للإيجار/الرياض/شرق-الرياض/حي-النسيم-الغربي/شارع-عبدالله-بن-مسعود-حي-النسيم-الغربي-الرياض-الرياض-2849716,غرب,,
311,311,محل للإيجار في طريق الشيخ حسن بن حسين بن علي ، حي اليرموك ، الرياض ، الرياض,"60,000 ريال",50 م²,/محلات-للإيجار/الرياض/شرق-الرياض/حي-اليرموك/طريق-الشيخ-حسن-بن-حسين-بن-علي-حي-اليرموك-الرياض-الرياض-3121344,غرب,,
312,312,محل للإيجار في شارع رقم 275 ، حي المونسية ، الرياض ، الرياض,"26,000 ريال",60 م²,/محلات-للإيجار/الرياض/شرق-الرياض/حي-المونسية/شارع-رقم-275-حي-المونسية-الرياض-الرياض-3667636,شرق,,
313,313,محل للإيجار في شارع حفصة بنت عمر ، حي الروضة ، الرياض ، الرياض,"13,000 ريال",40 م²,/محلات-للإيجار/الرياض/شرق-الرياض/حي-الروضة/شارع-حفصة-بنت-عمر-حي-الروضة-الرياض-الرياض-3666013,شمال,,
314,314,محل للإيجار في شارع الجبيل ، حي الخليج ، الرياض ، الرياض,"16,000 ريال",40 م²,/محلات-للإيجار/الرياض/شرق-الرياض/حي-الخليج/شارع-الجبيل-حي-الخليج-الرياض-الرياض-3734812,غرب,,
315,315,محل للإيجار في شارع الصحابة ، حي اشبيلية ، الرياض ، الرياض,"100,000 ريال",114 م²,/محلات-للإيجار/الرياض/شرق-الرياض/حي-اشبيلية/شارع-الصحابة-حي-اشبيلية-الرياض-الرياض-3684275,شمال,40 م, 5 سنة
316,316,محل للإيجار في شارع ابي الفتوح الخباز ، حي اليرموك ، الرياض ، الرياض,"250,000 ريال",250 م²,/محلات-للإيجار/الرياض/شرق-الرياض/حي-اليرموك/شارع-ابي-الفتوح-الخباز-حي-اليرموك-الرياض-الرياض-3531189,شمال شرقي,36 م,جديد
317,317,محل للإيجار في الرياض ، حي اليرموك ، الرياض,"30,000 ريال",50 م²,/محلات-للإيجار/الرياض/شرق-الرياض/حي-اليرموك/الرياض-حي-اليرموك-الرياض-3645167,غرب,60 م, 3 سنة
318,318,محل للإيجار في شارع ، شارع عبدالمحسن ابا بطين ، حي النسيم الشرقي ، الرياض ، الرياض,"15,000 ريال",80 م²,/محلات-للإيجار/الرياض/شرق-الرياض/حي-النسيم-الشرقي/شارع-شارع-عبدالمحسن-ابا-بطين-حي-النسيم-الشرقي-الرياض-الرياض-3597029,جنوب,30 م, 3 سنة
319,319,محل للإيجار في حي ، طريق عثمان بن عفان الفرعي ، حي الازدهار ، الرياض ، الرياض,"200,000 ريال",200 م²,/محلات-للإيجار/الرياض/شرق-الرياض/حي-الازدهار/حي-طريق-عثمان-بن-عفان-الفرعي-حي-الازدهار-الرياض-الرياض-3210054,شمال غربي,60 م, 8 سنة
320,320,محل للإيجار في شارع الصحابة ، حي اليرموك ، الرياض ، الرياض,"50,000 ريال",80 م²,/محلات-للإيجار/الرياض/شرق-الرياض/حي-اليرموك/شارع-الصحابة-حي-اليرموك-الرياض-الرياض-3683359,غرب,60 م, 10 سنة
321,321,محل للإيجار في حي اشبيلية ، الرياض ، الرياض,"35,000 ريال",118 م²,/محلات-للإيجار/الرياض/شرق-الرياض/حي-اشبيلية/حي-اشبيلية-الرياض-الرياض-3620485,شرق,,
322,322,محل للإيجار في شارع أبي الدرداء -رضي الله عنه- ، حي الروضة ، الرياض ، الرياض,"55,000 ريال",145 م²,/محلات-للإيجار/الرياض/شرق-الرياض/حي-الروضة/شارع-أبي-الدرداء--رضي-الله-عنه--حي-الروضة-الرياض-الرياض-3677084,جنوب,30 م, 25 سنة
323,323,محل للإيجار في شارع عامر بن عوف ، حي اشبيلية ، الرياض ، الرياض,"80,000 ريال",112 م²,/محلات-للإيجار/الرياض/شرق-الرياض/حي-اشبيلية/شارع-عامر-بن-عوف-حي-اشبيلية-الرياض-الرياض-3684280,شمال,40 م, 3 سنة
324,324,محل للإيجار في شارع عبدالله المويس ، حي الرمال ، الرياض ، الرياض,"75,000 ريال",188 م²,/محلات-للإيجار/الرياض/شرق-الرياض/حي-الرمال/شارع-عبدالله-المويس-حي-الرمال-الرياض-الرياض-3513328,شمال,30 م, 2 سنة
325,325,محل للإيجار في شارع الحليلة ، حي اليرموك ، الرياض ، الرياض,"2,800 ريال",100 م²,/محلات-للإيجار/الرياض/شرق-الرياض/حي-اليرموك/شارع-الحليلة-حي-اليرموك-الرياض-الرياض-3744007,غرب,61 م,جديد
326,326,محل للإيجار في حي المونسية ، الرياض ، الرياض,"15,000 ريال",45 م²,/محلات-للإيجار/الرياض/شرق-الرياض/حي-المونسية/حي-المونسية-الرياض-الرياض-3681704,جنوب,,
327,327,محل للإيجار في شارع الصحابة ، حي اليرموك ، الرياض ، الرياض,"70,000 ريال",176 م²,/محلات-للإيجار/الرياض/شرق-الرياض/حي-اليرموك/شارع-الصحابة-حي-اليرموك-الرياض-الرياض-3645146,شرق,,
328,328,محل للإيجار في حي المونسية ، الرياض ، الرياض,"14,000 ريال",32 م²,/محلات-للإيجار/الرياض/شرق-الرياض/حي-المونسية/حي-المونسية-الرياض-الرياض-3380555,شمال,36 م, 3 سنة
329,329,محل للإيجار في حي قرطبة ، الرياض ، الرياض,"28,000 ريال",39 م²,/محلات-للإيجار/الرياض/شرق-الرياض/حي-قرطبة/حي-قرطبة-الرياض-الرياض-3643605,جنوب,30 م, 2 سنة
330,330,محل للإيجار في حي ، شارع راس العين ، حي النسيم الغربي ، الرياض ، الرياض,"1,800,000 ريال",5600 م²,/محلات-للإيجار/الرياض/شرق-الرياض/حي-النسيم-الغربي/حي-شارع-راس-العين-حي-النسيم-الغربي-الرياض-الرياض-3528147,جنوب شرقي,100 م, 8 سنة
331,331,محل للإيجار في شارع سعيد الحاجب ، حي الرمال ، الرياض ، الرياض,"50,000 ريال",16 م²,/محلات-للإيجار/الرياض/شرق-الرياض/حي-الرمال/شارع-سعيد-الحاجب-حي-الرمال-الرياض-الرياض-3463527,شرق,30 م,جديد
332,332,محل للإيجار في الرياض ، حي الندوة ، الرياض,"2,000 ريال",48 م²,/محلات-للإيجار/الرياض/شرق-الرياض/حي-النظيم/الرياض-حي-الندوة-الرياض-3661307,شرق,40 م, 6 سنة
333,333,محل للإيجار في شارع الجبيل ، حي الخليج ، الرياض ، الرياض,"16,000 ريال",40 م²,/محلات-للإيجار/الرياض/شرق-الرياض/حي-الخليج/شارع-الجبيل-حي-الخليج-الرياض-الرياض-3734812,غرب,,
334,334,محل للإيجار في شارع الصحابة ، حي اشبيلية ، الرياض ، الرياض,"100,000 ريال",114 م²,/محلات-للإيجار/الرياض/شرق-الرياض/حي-اشبيلية/شارع-الصحابة-حي-اشبيلية-الرياض-الرياض-3684275,شمال,40 م, 5 سنة
335,335,محل للإيجار في شارع المصانع ، حي الحمراء ، الرياض ، الرياض,"250,000 ريال",300 م²,/محلات-للإيجار/الرياض/شرق-الرياض/حي-الحمراء/شارع-المصانع-حي-الحمراء-الرياض-الرياض-3424742,شمال غربي,40 م,جديد
336,336,محل للإيجار في الرياض ، حي الفيحاء ، الرياض,"15,000 ريال",30 م²,/محلات-للإيجار/الرياض/شرق-الرياض/حي-الفيحاء/الرياض-حي-الفيحاء-الرياض-3639225,جنوب,,
337,337,محل للإيجار في الطريق الدائري الشرقي الفرعي ، حي القدس ، الرياض ، الرياض,"190,000 ريال",254 م²,/محلات-للإيجار/الرياض/شرق-الرياض/حي-القدس/الطريق-الدائري-الشرقي-الفرعي-حي-القدس-الرياض-الرياض-3686615,غرب,100 م,جديد
338,338,محل للإيجار في شارع سعيد الحاجب ، حي الرمال ، الرياض ، الرياض,"25,000 ريال",40 م²,/محلات-للإيجار/الرياض/شرق-الرياض/حي-الرمال/شارع-سعيد-الحاجب-حي-الرمال-الرياض-الرياض-3684067,شرق,30 م, 4 سنة
339,339,محل للإيجار في شارع المصانع ، حي الحمراء ، الرياض ، الرياض,"300,000 ريال",400 م²,/محلات-للإيجار/الرياض/شرق-الرياض/حي-الحمراء/شارع-المصانع-حي-الحمراء-الرياض-الرياض-3379525,شمال شرقي,40 م,جديد
340,340,محل للإيجار في شارع الصحابة ، حي اليرموك ، الرياض ، الرياض,"30,000 ريال",60 م²,/محلات-للإيجار/الرياض/شرق-الرياض/حي-اليرموك/شارع-الصحابة-حي-اليرموك-الرياض-الرياض-3645191,غرب,60 م, 5 سنة
341,341,محل للإيجار في شارع رقم 275 ، حي المونسية ، الرياض ، الرياض,"26,000 ريال",60 م²,/محلات-للإيجار/الرياض/شرق-الرياض/حي-المونسية/شارع-رقم-275-حي-المونسية-الرياض-الرياض-3667636,شرق,,
342,342,محل للإيجار في شارع حفصة بنت عمر ، حي الاندلس ، الرياض ، الرياض,"460,800 ريال",768 م²,/محلات-للإيجار/الرياض/شرق-الرياض/حي-الاندلس/شارع-حفصة-بنت-عمر-حي-الاندلس-الرياض-الرياض-3509332,شمال,,
343,343,محل للإيجار في حي ، شارع عبدالله بن سليم ، حي النسيم الشرقي ، الرياض ، الرياض,"80,000 ريال",700 م²,/محلات-للإيجار/الرياض/شرق-الرياض/حي-النسيم-الشرقي/حي-شارع-عبدالله-بن-سليم-حي-النسيم-الشرقي-الرياض-الرياض-3707740,جنوب,30 م, 13 سنة
344,344,محل للإيجار في حي ، طريق عثمان بن عفان الفرعي ، حي الازدهار ، الرياض ، الرياض,"200,000 ريال",200 م²,/محلات-للإيجار/الرياض/شرق-الرياض/حي-الازدهار/حي-طريق-عثمان-بن-عفان-الفرعي-حي-الازدهار-الرياض-الرياض-3210054,شمال غربي,60 م, 8 سنة
345,345,محل للإيجار في حي ، شارع الامير سعود بن عبدالعزيز ال سعود الكبير ، حي الملك فيصل ، الرياض ، الرياض,"18,000 ريال",38 م²,/محلات-للإيجار/الرياض/شرق-الرياض/حي-الملك-فيصل/حي-شارع-الامير-سعود-بن-عبدالعزيز-ال-سعود-الكبير-حي-الملك-فيصل-الرياض-الرياض-3533349,شمال,30 م, 10 سنة
346,346,محل للإيجار في شارع عبادة بن الصامت ، حي الروضة ، الرياض ، الرياض,"40,000 ريال",60 م²,/محلات-للإيجار/الرياض/شرق-الرياض/حي-الروضة/شارع-عبادة-بن-الصامت-حي-الروضة-الرياض-الرياض-3627936,شمال غربي,30 م, 20 سنة
347,347,محل للإيجار في شارع سعيد الحاجب ، حي الرمال ، الرياض ، الرياض,"18,000 ريال",14 م²,/محلات-للإيجار/الرياض/شرق-الرياض/حي-الرمال/شارع-سعيد-الحاجب-حي-الرمال-الرياض-الرياض-3407443,غرب,30 م, 3 سنة
348,348,محل للإيجار في شارع احمد بن عمير ، حي السعادة ، الرياض ، الرياض,"12,000 ريال",200 م²,/محلات-للإيجار/الرياض/شرق-الرياض/حي-السعادة/شارع-احمد-بن-عمير-حي-السعادة-الرياض-الرياض-3607702,جنوب,,
349,349,محل للإيجار في شارع الحديثة ، حي قرطبة ، الرياض ، الرياض,"30,000 ريال",28 م²,/محلات-للإيجار/الرياض/شرق-الرياض/حي-قرطبة/شارع-الحديثة-حي-قرطبة-الرياض-الرياض-3707954,غرب,,
350,350,محل للإيجار في حي ، شارع علي الفزاري ، حي المونسية ، الرياض ، الرياض,"15,000 ريال",41 م²,/محلات-للإيجار/الرياض/شرق-الرياض/حي-المونسية/حي-شارع-علي-الفزاري-حي-المونسية-الرياض-الرياض-3667604,شرق,30 م, 7 سنة
351,351,محل للإيجار في شارع حاتم الطائي ، حي الروضة ، الرياض ، الرياض,"24,000 ريال",150 م²,/محلات-للإيجار/الرياض/شرق-الرياض/حي-الروضة/شارع-حاتم-الطائي-حي-الروضة-الرياض-الرياض-3655338,جنوب,30 م, 20 سنة
352,352,محل للإيجار في شارع سعد بن ابي وقاص ، حي النسيم الغربي ، الرياض ، الرياض,"25,000 ريال",44 م²,/محلات-للإيجار/الرياض/شرق-الرياض/حي-النسيم-الغربي/شارع-سعد-بن-ابي-وقاص-حي-النسيم-الغربي-الرياض-الرياض-3756364,شمال غربي,,
353,353,محل للإيجار في شارع محمد بن الاحمر ، حي الندوة ، الرياض ، الرياض,"17,000 ريال",36 م²,/محلات-للإيجار/الرياض/شرق-الرياض/حي-النظيم/شارع-محمد-بن-الاحمر-حي-الندوة-الرياض-الرياض-3601766,جنوب,30 م, 22 سنة
354,354,محل للإيجار في حي ، شارع أبي محجن الثقفي ، حي النسيم الشرقي ، الرياض ، الرياض,"6,500 ريال",30 م²,/محلات-للإيجار/الرياض/شرق-الرياض/حي-النسيم-الشرقي/حي-شارع-أبي-محجن-الثقفي-حي-النسيم-الشرقي-الرياض-الرياض-3530907,غرب,31 م,جديد
355,355,محل للإيجار في حي ، شارع جبل مرة ، حي النسيم الشرقي ، الرياض ، الرياض,"40,000 ريال",78 م²,/محلات-للإيجار/الرياض/شرق-الرياض/حي-النسيم-الشرقي/حي-شارع-جبل-مرة-حي-النسيم-الشرقي-الرياض-الرياض-3631398,غرب,40 م, 25 سنة
356,356,محل للإيجار في شارع النجاح ، حي اليرموك ، الرياض ، الرياض,"45,000 ريال",72 م²,/محلات-للإيجار/الرياض/شرق-الرياض/حي-اليرموك/شارع-النجاح-حي-اليرموك-الرياض-الرياض-3250941,غرب,60 م, 3 سنة
357,357,محل للإيجار في شارع سلمان الفارسي ، حي النهضة ، الرياض ، الرياض,"25,000 ريال",40 م²,/محلات-للإيجار/الرياض/شرق-الرياض/حي-النهضة/شارع-سلمان-الفارسي-حي-النهضة-الرياض-الرياض-3605858,غرب,60 م, 20 سنة
358,358,محل للإيجار في شارع الكرامه ، حي النسيم الشرقي ، الرياض ، الرياض,"800,000 ريال",1500 م²,/محلات-للإيجار/الرياض/شرق-الرياض/حي-النسيم-الشرقي/شارع-الكرامه-حي-النسيم-الشرقي-الرياض-الرياض-3480763,شرق,30 م,جديد
359,359,محل للإيجار في شارع الحارث بن عبدالله ، حي الندوة ، الرياض ، الرياض,"36,000 ريال",64 م²,/محلات-للإيجار/الرياض/شرق-الرياض/حي-النظيم/شارع-الحارث-بن-عبدالله-حي-الندوة-الرياض-الرياض-3759857,غرب,,
360,360,محل للإيجار في طريق الأمير ماجد بن عبدالعزيز ، حي الريان ، الرياض ، الرياض,"17,000 ريال",35 م²,/محلات-للإيجار/الرياض/شرق-الرياض/حي-الريان/طريق-الأمير-ماجد-بن-عبدالعزيز-حي-الريان-الرياض-الرياض-3647273,شمال,30 م, 15 سنة
361,361,محل للإيجار في الرياض ، حي الملز ، الرياض,"37,000 ريال",60 م²,/محلات-للإيجار/الرياض/شرق-الرياض/حي-الملز/الرياض-حي-الملز-الرياض-3579170,جنوب,20 م, 10 سنة
362,362,محل للإيجار في الرياض ، حي الملز ، الرياض,"30,000 ريال",21 م²,/محلات-للإيجار/الرياض/شرق-الرياض/حي-الملز/الرياض-حي-الملز-الرياض-3342035,شرق,20 م, 15 سنة
363,363,محل للإيجار في شارع عبدالله بن مسعود ، حي النسيم الغربي ، الرياض ، الرياض,"6,000 ريال",30 م²,/محلات-للإيجار/الرياض/شرق-الرياض/حي-النسيم-الغربي/شارع-عبدالله-بن-مسعود-حي-النسيم-الغربي-الرياض-الرياض-2849716,غرب,,
364,364,محل للإيجار في شارع النجاح ، حي اشبيلية ، الرياض ، الرياض,"450,000 ريال",1410 م²,/محلات-للإيجار/الرياض/شرق-الرياض/حي-اشبيلية/شارع-النجاح-حي-اشبيلية-الرياض-الرياض-3275876,غرب,60 م,جديد
365,365,محل للإيجار في طريق الملك عبدالله ، حي الحمراء ، الرياض ، الرياض,"300,000 ريال",400 م²,/محلات-للإيجار/الرياض/شرق-الرياض/حي-الحمراء/طريق-الملك-عبدالله-حي-الحمراء-الرياض-الرياض-3432762,شمال شرقي,40 م,جديد
366,366,محل للإيجار في شارع حفصة بنت عمر ، حي الاندلس ، الرياض ، الرياض,"40,000 ريال",897 م²,/محلات-للإيجار/الرياض/شرق-الرياض/حي-الاندلس/شارع-حفصة-بنت-عمر-حي-الاندلس-الرياض-الرياض-3608295,شمال,30 م, 14 سنة
367,367,محل للإيجار في شارع حفصة بنت عمر ، حي الاندلس ، الرياض ، الرياض,"148,000 ريال",256 م²,/محلات-للإيجار/الرياض/شرق-الرياض/حي-الاندلس/شارع-حفصة-بنت-عمر-حي-الاندلس-الرياض-الرياض-3446281,شمال,,
368,368,محل للإيجار في طريق الأمير ماجد بن عبدالعزيز ، حي الريان ، الرياض ، الرياض,"16,000 ريال",32 م²,/محلات-للإيجار/الرياض/شرق-الرياض/حي-الريان/طريق-الأمير-ماجد-بن-عبدالعزيز-حي-الريان-الرياض-الرياض-3664702,شمال,5 م, 20 سنة
369,369,محل للإيجار في طريق الأمير ماجد بن عبدالعزيز ، حي الريان ، الرياض ، الرياض,"18,000 ريال",40 م²,/محلات-للإيجار/الرياض/شرق-الرياض/حي-الريان/طريق-الأمير-ماجد-بن-عبدالعزيز-حي-الريان-الرياض-الرياض-3492708,شمال,,
370,370,محل للإيجار في شارع سعيد الحاجب ، حي الرمال ، الرياض ، الرياض,"16,000 ريال",12 م²,/محلات-للإيجار/الرياض/شرق-الرياض/حي-الرمال/شارع-سعيد-الحاجب-حي-الرمال-الرياض-الرياض-3489890,غرب,30 م, 4 سنة
371,371,محل للإيجار في شارع بريدة ، حي الريان ، الرياض ، الرياض,"12,000 ريال",32 م²,/محلات-للإيجار/الرياض/شرق-الرياض/حي-الريان/شارع-بريدة-حي-الريان-الرياض-الرياض-3727982,شرق,30 م, 15 سنة
372,372,محل للإيجار في طريق صلاح الدين الأيوبي ، حي الملز ، الرياض ، الرياض,"100,000 ريال",50 م²,/محلات-للإيجار/الرياض/شرق-الرياض/حي-الملز/طريق-صلاح-الدين-الأيوبي-حي-الملز-الرياض-الرياض-3713908,غرب,60 م, 20 سنة
373,373,محل للإيجار في شارع جبل صقلية ، حي الفيحاء ، الرياض ، الرياض,"15,000 ريال",20 م²,/محلات-للإيجار/الرياض/شرق-الرياض/حي-الفيحاء/شارع-جبل-صقلية-حي-الفيحاء-الرياض-الرياض-3605998,شمال,60 م,جديد
374,374,محل للإيجار في شارع سعد بن ابي وقاص ، الرياض,"12,000 ريال",50 م²,/محلات-للإيجار/الرياض/شرق-الرياض/حي-النسيم-الغربي/شارع-سعد-بن-ابي-وقاص-الرياض-1739911,جنوب شرقي,40 م, 36 سنة
375,375,محل للإيجار في شارع وادي السرح ، حي القادسية ، الرياض ، الرياض,"700,000 ريال",1600 م²,/محلات-للإيجار/الرياض/شرق-الرياض/حي-القادسية/شارع-وادي-السرح-حي-القادسية-الرياض-الرياض-3744554,غرب,40 م,جديد
376,376,محل للإيجار في شارع المتنبي ، حي المعيزيلة ، الرياض ، الرياض,"8,000 ريال",36 م²,/محلات-للإيجار/الرياض/شرق-الرياض/حي-المعيزلة/شارع-المتنبي-حي-المعيزيلة-الرياض-الرياض-3556061,شرق,30 م, 5 سنة
377,377,محل للإيجار في شارع رقم 326 ، حي المونسية ، الرياض ، الرياض,"50,000 ريال",72 م²,/محلات-للإيجار/الرياض/شرق-الرياض/حي-المونسية/شارع-رقم-326-حي-المونسية-الرياض-الرياض-3636372,جنوب,,
378,378,محل للإيجار في حي ، شارع الامير سعود بن عبدالعزيز ال سعود الكبير ، حي الملك فيصل ، الرياض ، الرياض,"10,000 ريال",68 م²,/محلات-للإيجار/الرياض/شرق-الرياض/حي-الملك-فيصل/حي-شارع-الامير-سعود-بن-عبدالعزيز-ال-سعود-الكبير-حي-الملك-فيصل-الرياض-الرياض-3389344,شمال,,
379,379,محل للإيجار في طريق الأمير ماجد بن عبدالعزيز ، حي الريان ، الرياض ، الرياض,"15,000 ريال",20 م²,/محلات-للإيجار/الرياض/شرق-الرياض/حي-الريان/طريق-الأمير-ماجد-بن-عبدالعزيز-حي-الريان-الرياض-الرياض-3487212,شمال,,
380,380,محل للإيجار في شارع الحلفاء ، حي الحمراء ، الرياض ، الرياض,"250,000 ريال",300 م²,/محلات-للإيجار/الرياض/شرق-الرياض/حي-الحمراء/شارع-الحلفاء-حي-الحمراء-الرياض-الرياض-3504651,شمال شرقي,40 م,جديد
381,381,محل للإيجار في شارع رقم 326 ، حي المونسية ، الرياض ، الرياض,"50,000 ريال",72 م²,/محلات-للإيجار/الرياض/شرق-الرياض/حي-المونسية/شارع-رقم-326-حي-المونسية-الرياض-الرياض-3636372,جنوب,,
382,382,محل للإيجار في الطريق الدائري الشرقي الفرعي ، حي القدس ، الرياض ، الرياض,"190,000 ريال",254 م²,/محلات-للإيجار/الرياض/شرق-الرياض/حي-القدس/الطريق-الدائري-الشرقي-الفرعي-حي-القدس-الرياض-الرياض-3686615,غرب,100 م,جديد
383,383,محل للإيجار في شارع النجاح ، حي اشبيلية ، الرياض ، الرياض,"450,000 ريال",1410 م²,/محلات-للإيجار/الرياض/شرق-الرياض/حي-اشبيلية/شارع-النجاح-حي-اشبيلية-الرياض-الرياض-3275876,غرب,60 م,جديد
384,384,محل للإيجار في حي ، شارع أبي محجن الثقفي ، حي النسيم الشرقي ، الرياض ، الرياض,"6,500 ريال",30 م²,/محلات-للإيجار/الرياض/شرق-الرياض/حي-النسيم-الشرقي/حي-شارع-أبي-محجن-الثقفي-حي-النسيم-الشرقي-الرياض-الرياض-3530907,غرب,31 م,جديد
385,385,محل للإيجار في حي ، شارع أبي محجن الثقفي ، حي النسيم الشرقي ، الرياض ، الرياض,"12,000 ريال",40 م²,/محلات-للإيجار/الرياض/شرق-الرياض/حي-النسيم-الشرقي/حي-شارع-أبي-محجن-الثقفي-حي-النسيم-الشرقي-الرياض-الرياض-3539860,غرب,31 م, 4 سنة
386,386,محل للإيجار في شارع حفصة بنت عمر ، حي الاندلس ، الرياض ، الرياض,"148,000 ريال",256 م²,/محلات-للإيجار/الرياض/شرق-الرياض/حي-الاندلس/شارع-حفصة-بنت-عمر-حي-الاندلس-الرياض-الرياض-3446281,شمال,,
387,387,محل للإيجار في شارع حاتم الطائي ، حي الروضة ، الرياض ، الرياض,"24,000 ريال",150 م²,/محلات-للإيجار/الرياض/شرق-الرياض/حي-الروضة/شارع-حاتم-الطائي-حي-الروضة-الرياض-الرياض-3655338,جنوب,30 م, 20 سنة
388,388,محل للإيجار في شارع جرش ، حي اليرموك ، الرياض ، الرياض,"30,000 ريال",60 م²,/محلات-للإيجار/الرياض/شرق-الرياض/حي-اليرموك/شارع-جرش-حي-اليرموك-الرياض-الرياض-3157582,جنوب,,
389,389,محل للإيجار في حي ، شارع الشيخ خليفة بن حمد آل ثاني ، حي الجنادرية ، الرياض ، الرياض,"15,000 ريال",50 م²,/محلات-للإيجار/الرياض/شرق-الرياض/حي-الجنادرية/حي-شارع-الشيخ-خليفة-بن-حمد-آل-ثاني-حي-الجنادرية-الرياض-الرياض-3535967,شرق,10 م, 16 سنة
390,390,محل للإيجار في حي قرطبة ، الرياض ، الرياض,"75,000 ريال",240 م²,/محلات-للإيجار/الرياض/شرق-الرياض/حي-قرطبة/حي-قرطبة-الرياض-الرياض-3435863,شمال غربي,28 م, 5 سنة
391,391,محل للإيجار في شارع الندوة ، حي الندوة ، الرياض ، الرياض,"80,000 ريال",300 م²,/محلات-للإيجار/الرياض/شرق-الرياض/حي-النظيم/شارع-الندوة-حي-الندوة-الرياض-الرياض-3407290,شرق,50 م, 6 سنة
392,392,محل للإيجار في شارع الشيخ حسن بن حسين بن علي ، حي غرناطة ، الرياض ، الرياض,"55,000 ريال",150 م²,/محلات-للإيجار/الرياض/شرق-الرياض/حي-اليرموك/شارع-الشيخ-حسن-بن-حسين-بن-علي-حي-غرناطة-الرياض-الرياض-3180083,غرب,60 م, 2 سنة
393,393,محل للإيجار في شارع سعد بن ابي وقاص ، الرياض,"12,000 ريال",50 م²,/محلات-للإيجار/الرياض/شرق-الرياض/حي-النسيم-الغربي/شارع-سعد-بن-ابي-وقاص-الرياض-1283337,شرق,60 م, 30 سنة
394,394,محل للإيجار في طريق الصحابة ، حي اليرموك ، الرياض ، الرياض,"95,000 ريال",160 م²,/محلات-للإيجار/الرياض/شرق-الرياض/حي-اليرموك/طريق-الصحابة-حي-اليرموك-الرياض-الرياض-3501050,شرق,,
395,395,محل للإيجار في شارع الزبير بن العوام ، حي السلام ، الرياض ، الرياض,"120,000 ريال",230 م²,/محلات-للإيجار/الرياض/شرق-الرياض/حي-السلام/شارع-الزبير-بن-العوام-حي-السلام-الرياض-الرياض-2930017,شمال,30 م, 20 سنة
396,396,محل للإيجار في حي ، شارع ابي سعيد الخدري ، حي الملك فيصل ، الرياض ، الرياض,"60,000 ريال",100 م²,/محلات-للإيجار/الرياض/شرق-الرياض/حي-الملك-فيصل/حي-شارع-ابي-سعيد-الخدري-حي-الملك-فيصل-الرياض-الرياض-3743303,شمال,40 م,جديد
397,397,محل للإيجار في طريق الإمام عبدالله بن سعود بن عبدالعزيز ، حي اشبيلية ، الرياض ، الرياض,"65,000 ريال",320 م²,/محلات-للإيجار/الرياض/شرق-الرياض/حي-اشبيلية/طريق-الإمام-عبدالله-بن-سعود-بن-عبدالعزيز-حي-اشبيلية-الرياض-الرياض-3293546,شمال غربي,60 م, 15 سنة
398,398,محل للإيجار في حي القادسية ، الرياض ، الرياض,"300,000 ريال",1500 م²,/محلات-للإيجار/الرياض/شرق-الرياض/حي-القادسية/حي-القادسية-الرياض-الرياض-3296589,غرب,30 م,جديد
399,399,محل للإيجار في شارع الشرائع ، حي المونسية ، الرياض ، الرياض,"15,000 ريال",47 م²,/محلات-للإيجار/الرياض/شرق-الرياض/حي-المونسية/شارع-الشرائع-حي-المونسية-الرياض-الرياض-3266313,شمال,30 م, 2 سنة
400,400,محل للإيجار في شارع الصلاح ، حي الندوة ، الرياض ، الرياض,"8,000 ريال",28 م²,/محلات-للإيجار/الرياض/شرق-الرياض/حي-النظيم/شارع-الصلاح-حي-الندوة-الرياض-الرياض-3484419,شرق,40 م, 15 سنة
401,401,محل للإيجار في شارع الحكم المستنصر بالله ، حي النهضة ، الرياض ، الرياض,"15,000 ريال",48 م²,/محلات-للإيجار/الرياض/شرق-الرياض/حي-النهضة/شارع-الحكم-المستنصر-بالله-حي-النهضة-الرياض-الرياض-3380821,غرب,,
402,402,محل للإيجار في شارع زيد بن الخطاب ، حي الملز ، الرياض ، الرياض,"25,000 ريال",120 م²,/محلات-للإيجار/الرياض/شرق-الرياض/حي-الملز/شارع-زيد-بن-الخطاب-حي-الملز-الرياض-الرياض-3726366,غرب,30 م, 10 سنة
403,403,محل للإيجار في طريق عمر بن عبدالعزيز ، حي الزهراء ، الرياض ، الرياض,"60,000 ريال",62 م²,/محلات-للإيجار/الرياض/شرق-الرياض/حي-الملز/طريق-عمر-بن-عبدالعزيز-حي-الزهراء-الرياض-الرياض-3650288,جنوب,41 م,جديد
404,404,محل للإيجار في شارع سعد بن ابي وقاص ، حي النسيم الغربي ، الرياض ، الرياض,"14,000 ريال",40 م²,/محلات-للإيجار/الرياض/شرق-الرياض/حي-النسيم-الغربي/شارع-سعد-بن-ابي-وقاص-حي-النسيم-الغربي-الرياض-الرياض-3258221,غرب,40 م, 20 سنة
405,405,محل للإيجار في حي ، شارع عبدالله بن عمر ، حي النسيم الغربي ، الرياض ، الرياض,"10,000 ريال",28 م²,/محلات-للإيجار/الرياض/شرق-الرياض/حي-النسيم-الغربي/حي-شارع-عبدالله-بن-عمر-حي-النسيم-الغربي-الرياض-الرياض-3405817,غرب,,
406,406,محل للإيجار في حي المونسية ، الرياض ، الرياض,"26,000 ريال",60 م²,/محلات-للإيجار/الرياض/شرق-الرياض/حي-المونسية/حي-المونسية-الرياض-الرياض-3466612,شرق,,
407,407,محل للإيجار في شارع عبدالله بن عمر ، حي النسيم الغربي ، الرياض ، الرياض,"8,000 ريال",25 م²,/محلات-للإيجار/الرياض/شرق-الرياض/حي-النسيم-الغربي/شارع-عبدالله-بن-عمر-حي-النسيم-الغربي-الرياض-الرياض-3090676,غرب,,
408,408,محل للإيجار في شارع ابن مقله ، حي قرطبة ، الرياض ، الرياض,"32,000 ريال",64 م²,/محلات-للإيجار/الرياض/شرق-الرياض/حي-قرطبة/شارع-ابن-مقله-حي-قرطبة-الرياض-الرياض-3504558,شمال,36 م, 8 سنة
409,409,محل للإيجار في شارع خالد بن الوليد ، حي القدس ، الرياض ، الرياض,"110,000 ريال",300 م²,/محلات-للإيجار/الرياض/شرق-الرياض/حي-القدس/شارع-خالد-بن-الوليد-حي-القدس-الرياض-الرياض-3293560,جنوب شرقي,60 م, 20 سنة
410,410,محل للإيجار في حي ، شارع عبدالله بن سليم ، حي النسيم الشرقي ، الرياض ، الرياض,"80,000 ريال",743 م²,/محلات-للإيجار/الرياض/شرق-الرياض/حي-النسيم-الشرقي/حي-شارع-عبدالله-بن-سليم-حي-النسيم-الشرقي-الرياض-الرياض-3695046,جنوب,,
411,411,محل للإيجار في طريق العروبة ، حي القدس ، الرياض ، الرياض,"230,000 ريال",320 م²,/محلات-للإيجار/الرياض/شرق-الرياض/حي-القدس/طريق-العروبة-حي-القدس-الرياض-الرياض-3378709,جنوب,35 م, 35 سنة
412,412,محل للإيجار في حي الحمراء ، الرياض ، الرياض,"17,000 ريال",5 م²,/محلات-للإيجار/الرياض/شرق-الرياض/حي-الحمراء/حي-الحمراء-الرياض-الرياض-3763867,شمال,,
413,413,محل للإيجار في شارع الشرائع ، حي المونسية ، الرياض ، الرياض,"15,000 ريال",47 م²,/محلات-للإيجار/الرياض/شرق-الرياض/حي-المونسية/شارع-الشرائع-حي-المونسية-الرياض-الرياض-3266313,شمال,30 م, 2 سنة
414,414,محل للإيجار في طريق الملك عبدالله ، حي الخليج ، الرياض ، الرياض,"120,000 ريال",220 م²,/محلات-للإيجار/الرياض/شرق-الرياض/حي-الخليج/طريق-الملك-عبدالله-حي-الخليج-الرياض-الرياض-3113068,شمال,,
415,415,محل للإيجار في شارع الإمام أحمد بن حنبل ، حي الروابي ، الرياض ، الرياض,"25,000 ريال",45 م²,/محلات-للإيجار/الرياض/شرق-الرياض/حي-الروابي/شارع-الإمام-أحمد-بن-حنبل-حي-الروابي-الرياض-الرياض-3567960,شمال,40 م,جديد
416,416,محل للإيجار في حي القادسية ، الرياض ، الرياض,"300,000 ريال",1500 م²,/محلات-للإيجار/الرياض/شرق-الرياض/حي-القادسية/حي-القادسية-الرياض-الرياض-3296589,غرب,30 م,جديد
417,417,محل للإيجار في حي ، الطريق الدائري الشمالي ، حي الازدهار ، الرياض ، الرياض,"182,500 ريال",250 م²,/محلات-للإيجار/الرياض/شرق-الرياض/حي-الازدهار/حي-الطريق-الدائري-الشمالي-حي-الازدهار-الرياض-الرياض-3139687,شمال غربي,100 م, 3 سنة
418,418,محل للإيجار في طريق الإمام عبدالله بن سعود بن عبدالعزيز ، حي غرناطة ، الرياض ، الرياض,"35,000 ريال",60 م²,/محلات-للإيجار/الرياض/شرق-الرياض/حي-غرناطة/طريق-الإمام-عبدالله-بن-سعود-بن-عبدالعزيز-حي-غرناطة-الرياض-الرياض-3601633,جنوب شرقي,,
419,419,محل للإيجار في حي الاندلس ، الرياض ، الرياض,"65,000 ريال",120 م²,/محلات-للإيجار/الرياض/شرق-الرياض/حي-الاندلس/حي-الاندلس-الرياض-الرياض-3772497,جنوب,,
420,420,محل للإيجار في طريق الإمام عبدالله بن سعود بن عبدالعزيز ، حي اشبيلية ، الرياض ، الرياض,"65,000 ريال",320 م²,/محلات-للإيجار/الرياض/شرق-الرياض/حي-اشبيلية/طريق-الإمام-عبدالله-بن-سعود-بن-عبدالعزيز-حي-اشبيلية-الرياض-الرياض-3293546,شمال غربي,60 م, 15 سنة
421,421,محل للإيجار في شارع ، شارع النهر ، حي الندوة ، الرياض ، الرياض,"15,000 ريال",80 م²,/محلات-للإيجار/الرياض/شرق-الرياض/حي-النظيم/شارع-شارع-النهر-حي-الندوة-الرياض-الرياض-2470438,شمال,,
422,422,محل للإيجار في حي اشبيلية ، الرياض ، الرياض,"20,000 ريال",880 م²,/محلات-للإيجار/الرياض/شرق-الرياض/حي-اشبيلية/حي-اشبيلية-الرياض-الرياض-3263461,شمال شرقي,35 م, 9 سنة
423,423,محل للإيجار في شارع الزبير بن العوام ، حي السلام ، الرياض ، الرياض,"120,000 ريال",230 م²,/محلات-للإيجار/الرياض/شرق-الرياض/حي-السلام/شارع-الزبير-بن-العوام-حي-السلام-الرياض-الرياض-2930017,شمال,30 م, 20 سنة
424,424,محل للإيجار في شارع المصانع ، حي الحمراء ، الرياض ، الرياض,"1,500 ريال",500 م²,/محلات-للإيجار/الرياض/شرق-الرياض/حي-الحمراء/شارع-المصانع-حي-الحمراء-الرياض-الرياض-3293602,جنوب شرقي,60 م,جديد
425,425,محل للإيجار في طريق الملك عبدالله ، حي الحمراء ، الرياض ، الرياض,"800,000 ريال",1125 م²,/محلات-للإيجار/الرياض/شرق-الرياض/حي-الحمراء/طريق-الملك-عبدالله-حي-الحمراء-الرياض-الرياض-3457631,3 شوارع,,
426,426,محل للإيجار في شارع عبدالله بن عمر ، حي النسيم الغربي ، الرياض ، الرياض,"10,000 ريال",40 م²,/محلات-للإيجار/الرياض/شرق-الرياض/حي-النسيم-الغربي/شارع-عبدالله-بن-عمر-حي-النسيم-الغربي-الرياض-الرياض-3090684,شرق,,
427,427,محل للإيجار في حي ، شارع الثرياء ، حي النسيم الشرقي ، الرياض ، الرياض,"33,000 ريال",84 م²,/محلات-للإيجار/الرياض/شرق-الرياض/حي-النسيم-الشرقي/حي-شارع-الثرياء-حي-النسيم-الشرقي-الرياض-الرياض-3692915,جنوب,30 م, 27 سنة
428,428,محل للإيجار في حي ، شارع ابي سعيد الخدري ، حي الملك فيصل ، الرياض ، الرياض,"60,000 ريال",100 م²,/محلات-للإيجار/الرياض/شرق-الرياض/حي-الملك-فيصل/حي-شارع-ابي-سعيد-الخدري-حي-الملك-فيصل-الرياض-الرياض-3743303,شمال,40 م,جديد
429,429,محل للإيجار في شارع حفصة بنت عمر ، حي النهضة ، الرياض ، الرياض,"75,000 ريال",98 م²,/محلات-للإيجار/الرياض/شرق-الرياض/حي-النهضة/شارع-حفصة-بنت-عمر-حي-النهضة-الرياض-الرياض-3766671,شمال,30 م, 8 سنة
430,430,محل للإيجار في حي ، شارع اسامة بن زيد ، حي النسيم الغربي ، الرياض ، الرياض,"45,000 ريال",116 م²,/محلات-للإيجار/الرياض/شرق-الرياض/حي-النسيم-الغربي/حي-شارع-اسامة-بن-زيد-حي-النسيم-الغربي-الرياض-الرياض-3586300,شرق,30 م, 4 سنة
431,431,محل للإيجار في الرياض ، حي اليرموك ، الرياض,"75,000 ريال",128 م²,/محلات-للإيجار/الرياض/شرق-الرياض/حي-اليرموك/الرياض-حي-اليرموك-الرياض-3747141,جنوب,,
432,432,محل للإيجار في محطة كهرباء حي قرطبة ، طريق الأمير محمد بن سلمان بن عبدالعزيز ، حي قرطبة ، الرياض ، الرياض,"40,000 ريال",60 م²,/محلات-للإيجار/الرياض/شرق-الرياض/حي-قرطبة/محطة-كهرباء-حي-قرطبة-طريق-الأمير-محمد-بن-سلمان-بن-عبدالعزيز-حي-قرطبة-الرياض-الرياض-3755930,جنوب,100 م,جديد
433,433,محل للإيجار في حي المونسية ، الرياض ، الرياض,"25,000 ريال",48 م²,/محلات-للإيجار/الرياض/شرق-الرياض/حي-المونسية/حي-المونسية-الرياض-الرياض-3593016,شرق,36 م, 2 سنة
434,434,محل للإيجار في الرياض ، حي الرمال ، الرياض,"23,000 ريال",56 م²,/محلات-للإيجار/الرياض/شرق-الرياض/حي-الرمال/الرياض-حي-الرمال-الرياض-3530220,شرق,61 م, 9 سنة
435,435,محل للإيجار في شارع ابن خلدون ، حي الروضة ، الرياض ، الرياض,"8,000 ريال",30 م²,/محلات-للإيجار/الرياض/شرق-الرياض/حي-الروضة/شارع-ابن-خلدون-حي-الروضة-الرياض-الرياض-3647825,شرق,20 م, 35 سنة
436,436,محل للإيجار في شارع فرسان ، حي الخليج ، الرياض ، الرياض,"10,000 ريال",25 م²,/محلات-للإيجار/الرياض/شرق-الرياض/حي-الخليج/شارع-فرسان-حي-الخليج-الرياض-الرياض-3741786,شرق,30 م, 17 سنة
437,437,محل للإيجار في 7307-7331 ، شارع عبدالله بن عباس ، حي الروابي ، الرياض ، الرياض,"25,000 ريال",72 م²,/محلات-للإيجار/الرياض/شرق-الرياض/حي-الروابي/7307-7331-شارع-عبدالله-بن-عباس-حي-الروابي-الرياض-الرياض-3650676,غرب,30 م, 18 سنة
438,438,محل للإيجار في شارع الإمام الشافعي ، حي الريان ، الرياض ، الرياض,"70,000 ريال",64 م²,/محلات-للإيجار/الرياض/شرق-الرياض/حي-الريان/شارع-الإمام-الشافعي-حي-الريان-الرياض-الرياض-3470870,شرق,40 م, 20 سنة
439,439,محل للإيجار في طريق الدمام الفرعي ، حي اليرموك ، الرياض ، الرياض,"103,600 ريال",74 م²,/محلات-للإيجار/الرياض/شرق-الرياض/حي-اليرموك/طريق-الدمام-الفرعي-حي-اليرموك-الرياض-الرياض-3562689,شمال,80 م, 5 سنة
440,440,محل للإيجار في شارع الجبيل ، حي النهضة ، الرياض ، الرياض,"20,000 ريال",32 م²,/محلات-للإيجار/الرياض/شرق-الرياض/حي-النهضة/شارع-الجبيل-حي-النهضة-الرياض-الرياض-3702500,شرق,,
441,441,محل للإيجار في شارع الشيخ عبدالعزيز بن عبدالرحمن بن بشر ، حي الخليج ، الرياض ، الرياض,"19,000 ريال",60 م²,/محلات-للإيجار/الرياض/شرق-الرياض/حي-الخليج/شارع-الشيخ-عبدالعزيز-بن-عبدالرحمن-بن-بشر-حي-الخليج-الرياض-الرياض-3588618,شمال غربي,40 م, 31 سنة
442,442,محل للإيجار في شارع الندوة ، حي الندوة ، الرياض ، الرياض,"140,000 ريال",336 م²,/محلات-للإيجار/الرياض/شرق-الرياض/حي-النظيم/شارع-الندوة-حي-الندوة-الرياض-الرياض-3683605,شمال,50 م, 15 سنة
443,443,محل للإيجار في شارع ابن ماجة ، حي السعادة ، الرياض ، الرياض,"8,000 ريال",15 م²,/محلات-للإيجار/الرياض/شرق-الرياض/حي-السعادة/شارع-ابن-ماجة-حي-السعادة-الرياض-الرياض-3604518,غرب,60 م, 14 سنة
444,444,محل للإيجار في شارع الهواري ، حي الملز ، الرياض ، الرياض,"70,000 ريال",70 م²,/محلات-للإيجار/الرياض/شرق-الرياض/حي-الملز/شارع-الهواري-حي-الملز-الرياض-الرياض-3582935,شمال غربي,20 م,جديد
445,445,محل للإيجار في شارع ابن خلدون ، حي الروضة ، الرياض ، الرياض,"8,000 ريال",30 م²,/محلات-للإيجار/الرياض/شرق-الرياض/حي-الروضة/شارع-ابن-خلدون-حي-الروضة-الرياض-الرياض-3647825,شرق,20 م, 35 سنة
446,446,محل للإيجار في شارع ابن الهيثم ، حي الخليج ، الرياض ، الرياض,"16,000 ريال",32 م²,/محلات-للإيجار/الرياض/شرق-الرياض/حي-الخليج/شارع-ابن-الهيثم-حي-الخليج-الرياض-الرياض-3771914,شمال,40 م, 7 سنة
447,447,محل للإيجار في حي المونسية ، الرياض ، الرياض,"25,000 ريال",48 م²,/محلات-للإيجار/الرياض/شرق-الرياض/حي-المونسية/حي-المونسية-الرياض-الرياض-3593016,شرق,36 م, 2 سنة
448,448,محل للإيجار في طريق الدمام الفرعي ، حي اليرموك ، الرياض ، الرياض,"103,600 ريال",74 م²,/محلات-للإيجار/الرياض/شرق-الرياض/حي-اليرموك/طريق-الدمام-الفرعي-حي-اليرموك-الرياض-الرياض-3562689,شمال,80 م, 5 سنة
449,449,محل للإيجار في شارع الإمام أحمد بن حنبل ، حي الروابي ، الرياض ، الرياض,"30,000 ريال",40 م²,/محلات-للإيجار/الرياض/شرق-الرياض/حي-الروابي/شارع-الإمام-أحمد-بن-حنبل-حي-الروابي-الرياض-الرياض-3582710,شمال,35 م, 5 سنة
450,450,محل للإيجار في شارع الخزنه ، حي اشبيلية ، الرياض ، الرياض,"22,000 ريال",35 م²,/محلات-للإيجار/الرياض/شرق-الرياض/حي-اشبيلية/شارع-الخزنه-حي-اشبيلية-الرياض-الرياض-3744148,غرب,36 م, 12 سنة
451,451,محل للإيجار في شارع سلمان الفارسي ، حي النهضة ، الرياض ، الرياض,"42,000 ريال",60 م²,/محلات-للإيجار/الرياض/شرق-الرياض/حي-النهضة/شارع-سلمان-الفارسي-حي-النهضة-الرياض-الرياض-3734929,غرب,60 م, 13 سنة
452,452,محل للإيجار في طريق الصحابة ، حي اليرموك ، الرياض ، الرياض,"250,000 ريال",200 م²,/محلات-للإيجار/الرياض/شرق-الرياض/حي-اليرموك/طريق-الصحابة-حي-اليرموك-الرياض-الرياض-3657260,شرق,,
453,453,محل للإيجار في طريق الإمام عبدالله بن سعود بن عبدالعزيز ، حي اشبيلية ، الرياض ، الرياض,"150,000 ريال",233 م²,/محلات-للإيجار/الرياض/شرق-الرياض/حي-اشبيلية/طريق-الإمام-عبدالله-بن-سعود-بن-عبدالعزيز-حي-اشبيلية-الرياض-الرياض-3521473,شرق,,
454,454,محل للإيجار في حي المونسية ، الرياض ، الرياض,"35,000 ريال",56 م²,/محلات-للإيجار/الرياض/شرق-الرياض/حي-المونسية/حي-المونسية-الرياض-الرياض-3632813,شرق,,
455,455,محل للإيجار في شارع حفصة بنت عمر ، حي الروضة ، الرياض ، الرياض,"13,000 ريال",40 م²,/محلات-للإيجار/الرياض/شرق-الرياض/حي-الروضة/شارع-حفصة-بنت-عمر-حي-الروضة-الرياض-الرياض-3677522,شمال,,
456,456,محل للإيجار في شارع جرير ، حي الملز ، الرياض ، الرياض,"55,000 ريال",8 م²,/محلات-للإيجار/الرياض/شرق-الرياض/حي-الملز/شارع-جرير-حي-الملز-الرياض-الرياض-3256554,جنوب,30 م, 15 سنة
457,457,محل للإيجار في 7307-7331 ، شارع عبدالله بن عباس ، حي الروابي ، الرياض ، الرياض,"25,000 ريال",72 م²,/محلات-للإيجار/الرياض/شرق-الرياض/حي-الروابي/7307-7331-شارع-عبدالله-بن-عباس-حي-الروابي-الرياض-الرياض-3650676,غرب,30 م, 18 سنة
458,458,محل للإيجار في حي القادسية ، الرياض ، الرياض,"250,000 ريال",1000 م²,/محلات-للإيجار/الرياض/شرق-الرياض/حي-القادسية/حي-القادسية-الرياض-الرياض-3756057,شرق,40 م,جديد
459,459,محل للإيجار في شارع بحر العرب ، حي اشبيلية ، الرياض ، الرياض,"30,000 ريال",80 م²,/محلات-للإيجار/الرياض/شرق-الرياض/حي-اشبيلية/شارع-بحر-العرب-حي-اشبيلية-الرياض-الرياض-3713037,شرق,40 م, 2 سنة
