,prices,areaa,front,street_width,age,Region
0,60000,100,شرق,30.0,0.0,Center
1,276000,460,جنوب,60.0,0.0,Center
2,80000,125,غرب,36.0,6.0,Center
3,16000,50,شرق,20.0,5.0,Center
4,17500,70,شمال,,,Center
5,100000,155,جنوب,60.0,5.0,Center
6,355000,323,شمال شرقي,30.0,0.0,Center
7,42000,30,غرب,50.0,10.0,Center
8,75000,185,شمال,60.0,30.0,Center
9,25000,40,جنوب,,,Center
10,60000,50,جنوب,12.0,12.0,Center
11,40000,40,غرب,40.0,0.0,Center
12,400000,1000,شرق,60.0,30.0,Center
13,400000,660,شرق,100.0,0.0,Center
14,20000,14,شرق,,,Center
15,15500,39,شمال,60.0,7.0,Center
16,100000,100,غرب,60.0,0.0,Center
17,18000,43,غرب,100.0,15.0,Center
18,25000,140,جنوب,60.0,26.0,Center
19,45000,19,غرب,20.0,30.0,Center
20,45000,19,غرب,20.0,30.0,Center
21,16000,54,شمال,5.0,25.0,Center
22,300000,300,جنوب شرقي,,,Center
23,80000,120,شرق,30.0,10.0,Center
24,30000,50,غرب,10.0,13.0,Center
25,40000,120,جنوب,60.0,30.0,Center
26,14000,40,جنوب,60.0,30.0,Center
27,15000,70,غرب,20.0,5.0,Center
28,35000,150,شمال شرقي,32.0,20.0,Center
29,12000,50,شمال,30.0,20.0,Center
30,20000,60,شمال,40.0,17.0,Center
31,50000,60,جنوب,60.0,20.0,Center
32,120000,124,جنوب,,,Center
33,50000,100,جنوب شرقي,25.0,27.0,Center
34,29100,77,شرق,40.0,20.0,Center
35,34000,48,شمال,,,Center
36,78200,516,غرب,30.0,2.0,Center
37,935000,1100,شرق,100.0,5.0,Center
38,50000,58,شمال شرقي,40.0,0.0,Center
39,160000,1000,غرب,35.0,15.0,Center
40,27000,80,جنوب,,,Center
41,14000,35,جنوب,20.0,5.0,Center
42,10000,15,غرب,9.0,28.0,Center
43,20000,8,شمال,20.0,15.0,Center
44,20000,54,جنوب,5.0,20.0,Center
45,10000,23,شرق,30.0,25.0,Center
46,50000,200,جنوب,5.0,25.0,Center
47,140000,40,جنوب,1.0,0.0,Center
48,60000,60,شمال,,,Center
49,30000,80,شمال,5.0,30.0,Center
50,60000,100,جنوب غربي,20.0,35.0,Center
51,50000,20,شمال,4.0,20.0,Center
52,297000,297,شرق,100.0,4.0,Center
53,15000,32,غرب,40.0,23.0,Center
54,80000,15,شمال,20.0,20.0,Center
55,18000,60,جنوب,,,Center
56,2000000,5000,3 شوارع,30.0,25.0,Center
57,130000,177,جنوب,60.0,10.0,Center
58,50000,63,جنوب,60.0,0.0,Center
59,90000,120,جنوب,40.0,15.0,Center
60,40000,15,شمال,5.0,0.0,Center
61,1200,480,شرق,40.0,0.0,Center
62,200000,200,غرب,40.0,35.0,Center
63,12000,50,شرق,100.0,10.0,Center
64,100000,140,جنوب,20.0,10.0,Center
65,1000,96,جنوب,1.0,0.0,Center
66,400000,400,جنوب شرقي,40.0,26.0,Center
67,30000,120,جنوب,30.0,30.0,Center
68,26000,112,غرب,80.0,0.0,Center
69,30000,80,شرق,60.0,18.0,Center
70,80000,120,جنوب,30.0,10.0,Center
71,80000,110,جنوب,44.0,14.0,Center
72,5000000,205,جنوب غربي,36.0,9.0,Center
73,7000,40,غرب,30.0,10.0,Center
74,24000,80,جنوب,40.0,30.0,Center
75,60000,65,جنوب,,,Center
76,52000,20,شرق,20.0,17.0,Center
77,15000,45,شمال,30.0,6.0,Center
78,220000,400,جنوب شرقي,20.0,8.0,Center
79,25000,40,شرق,10.0,0.0,Center
80,25000,40,شرق,10.0,0.0,Center
81,52000,20,شرق,20.0,17.0,Center
82,22000,45,غرب,30.0,15.0,Center
83,350000,1625,جنوب,100.0,30.0,Center
84,1000,10,شمال,,,Center
85,375000,290,غرب,31.0,0.0,Center
86,50000,74,غرب,80.0,15.0,Center
87,150000,150,جنوب شرقي,40.0,0.0,Center
88,14000,27,جنوب,20.0,15.0,Center
89,70000,451,غرب,20.0,15.0,Center
90,60000,36,شمال غربي,30.0,36.0,Center
91,60000,34,جنوب شرقي,100.0,20.0,Center
92,35000,37,شمال,1.0,0.0,Center
93,35000,62,شمال,40.0,5.0,Center
94,375000,290,غرب,40.0,3.0,Center
95,250000,250,جنوب شرقي,,,Center
96,30000,12,شرق,17.0,15.0,Center
97,40000,120,3 شوارع,40.0,15.0,Center
98,140000,32,جنوب شرقي,5.0,0.0,Center
99,550000,32,شرق,,,Center
100,150000,349,جنوب,36.0,10.0,Center
101,150000,349,جنوب,36.0,10.0,Center
102,20000,30,جنوب,40.0,0.0,Center
103,360000,360,جنوب,30.0,0.0,Center
104,75000,50,جنوب,1.0,24.0,Center
105,22000,30,غرب,21.0,32.0,Center
106,33000,200,شمال,20.0,15.0,Center
107,17000,35,شمال,21.0,35.0,Center
108,25000,34,شرق,,,Center
109,1000,500,جنوب,60.0,19.0,Center
110,320000,500,شمال,20.0,0.0,Center
111,39000,82,غرب,21.0,2.0,Center
112,15000,1000,شمال غربي,61.0,19.0,Center
113,30000,60,شمال غربي,32.0,15.0,Center
114,25000,27,غرب,60.0,10.0,Center
115,10000,24,شرق,5.0,25.0,Center
116,25000,50,غرب,10.0,20.0,Center
117,90000,120,شمال غربي,35.0,10.0,Center
118,13500,30,جنوب,15.0,7.0,Center
119,200000,224,شرق,15.0,20.0,Center
0,600000,250,شرق,,,North
1,15000,52,غرب,30.0,0.0,North
2,60000,200,غرب,60.0,0.0,North
3,40000,80,غرب,30.0,0.0,North
4,20000,80,جنوب,30.0,5.0,North
5,35000,36,غرب,30.0,0.0,North
6,350000,222,غرب,,,North
7,1300,350,جنوب,80.0,0.0,North
8,130000,170,غرب,30.0,15.0,North
9,20000,50,جنوب غربي,30.0,0.0,North
10,200000,160,غرب,60.0,20.0,North
11,100000,76,غرب,36.0,0.0,North
12,228750,305,شرق,60.0,0.0,North
13,95000,120,جنوب,60.0,0.0,North
14,310000,333,جنوب,100.0,0.0,North
15,750000,500,4 شوارع,100.0,0.0,North
16,1760000,2200,غرب,40.0,0.0,North
17,270000,500,شرق,31.0,5.0,North
18,80000,48,شمال,36.0,3.0,North
19,380000,420,غرب,60.0,2.0,North
20,313000,417,غرب,60.0,2.0,North
21,270000,4500,جنوب,30.0,0.0,North
22,332000,332,شمال,60.0,0.0,North
23,750000,900,جنوب غربي,60.0,5.0,North
24,350000,300,شرق,,,North
25,900000,1251,جنوب شرقي,60.0,0.0,North
26,345600,432,شمال,,,North
27,55000,100,شمال غربي,30.0,0.0,North
28,450000,500,غرب,60.0,5.0,North
29,400000,533,شمال,80.0,13.0,North
30,25000,20,شرق,,,North
31,1200000,1650,شمال,60.0,30.0,North
32,90000,90,شرق,,,North
33,300000,333,جنوب,60.0,0.0,North
34,25000,45,شرق,30.0,0.0,North
35,293000,326,غرب,80.0,0.0,North
36,250000,250,جنوب,,,North
37,397500,265,جنوب,60.0,0.0,North
38,200000,100,جنوب,10.0,20.0,North
39,20000,32,غرب,30.0,0.0,North
40,301200,301,3 شوارع,,,North
41,189000,270,شمال,60.0,2.0,North
42,100000,105,شرق,35.0,20.0,North
43,1000000,1100,شمال,80.0,10.0,North
44,750000,1100,شمال,80.0,14.0,North
45,220000,310,شمال,80.0,0.0,North
46,550000,222,شمال,60.0,0.0,North
47,17000,52,جنوب,34.0,6.0,North
48,450000,450,شمال,100.0,2.0,North
49,80000,100,شرق,60.0,8.0,North
50,126000,160,شمال,,,North
51,60000,175,غرب,,,North
52,45000,42,شرق,40.0,0.0,North
53,30000,70,جنوب,36.0,0.0,North
54,240000,120,غرب,40.0,0.0,North
55,228000,228,شرق,40.0,0.0,North
56,120000,12,جنوب,,,North
57,76000,76,شرق,40.0,0.0,North
58,6000,36,غرب,30.0,10.0,North
59,603250,635,شرق,60.0,8.0,North
60,240000,120,غرب,40.0,0.0,North
61,45000,42,شرق,40.0,0.0,North
62,2800000,1800,جنوب,30.0,0.0,North
63,350000,222,غرب,,,North
64,252000,140,جنوب,100.0,0.0,North
65,35000,24,شمال,30.0,10.0,North
66,20000,30,شرق,,,North
67,120000,150,شمال,36.0,21.0,North
68,58000,74,شمال,30.0,0.0,North
69,210000,210,شرق,60.0,15.0,North
70,18000,40,جنوب,,,North
71,20000,40,شمال,30.0,0.0,North
72,468000,180,جنوب غربي,60.0,0.0,North
73,65000,60,شمال شرقي,60.0,4.0,North
74,25000,32,جنوب,35.0,18.0,North
75,20000,57,شمال,20.0,10.0,North
76,201400,212,شمال,41.0,35.0,North
77,16000,48,شرق,,,North
78,20000,40,شمال,35.0,0.0,North
79,150000,1150,جنوب,60.0,0.0,North
80,65000,60,شمال شرقي,60.0,4.0,North
81,70000,84,جنوب,,,North
82,468000,180,جنوب غربي,60.0,0.0,North
83,120000,150,شمال,36.0,21.0,North
84,135000,150,جنوب,60.0,0.0,North
85,108000,150,شرق,80.0,10.0,North
86,201400,212,شمال,41.0,35.0,North
87,35000,24,شمال,30.0,10.0,North
88,20000,40,شمال,35.0,0.0,North
89,135000,225,جنوب,60.0,0.0,North
90,400000,700,جنوب,40.0,10.0,North
91,95000,95,شرق,60.0,5.0,North
92,40000,48,شمال,,,North
93,20000,40,شمال,30.0,0.0,North
94,496860,507,جنوب,26.0,0.0,North
95,50000,75,شرق,60.0,20.0,North
96,180000,176,شمال,60.0,8.0,North
97,29000,45,غرب,,,North
98,45000,51,جنوب,60.0,5.0,North
99,58000,74,شمال,30.0,0.0,North
100,80000,150,غرب,60.0,0.0,North
101,63000,42,جنوب,30.0,20.0,North
102,17000,48,شمال,30.0,3.0,North
103,200000,300,غرب,60.0,15.0,North
104,120000,251,شمال,80.0,5.0,North
105,500000,500,شرق,60.0,4.0,North
106,100000,50,شرق,80.0,15.0,North
107,201600,168,جنوب,60.0,5.0,North
108,4072500,1629,شمال,60.0,0.0,North
109,802200,1337,شرق,,,North
110,40000,56,شمال,30.0,8.0,North
111,124000,130,شرق,,,North
112,1500,6000,3 شوارع,,,North
113,350400,292,شمال,,,North
114,60000,80,شمال,35.0,0.0,North
115,680400,252,شمال,,,North
116,25000,200,شمال,36.0,0.0,North
117,100000,140,جنوب,60.0,8.0,North
118,543000,362,شرق,60.0,8.0,North
119,25000,28,شمال,20.0,10.0,North
120,250000,405,غرب,60.0,3.0,North
121,136500,200,جنوب,,,North
122,55000,54,غرب,80.0,7.0,North
123,160216,130,جنوب,100.0,5.0,North
124,254400,212,غرب,60.0,9.0,North
125,1800000,1650,غرب,20.0,10.0,North
126,27000,19,جنوب,7.0,14.0,North
127,84000,98,غرب,61.0,0.0,North
128,600000,761,غرب,60.0,0.0,North
129,25000,16,جنوب,,,North
130,80000,68,جنوب,35.0,3.0,North
131,100000,138,جنوب,36.0,11.0,North
132,150000,160,شمال,,,North
133,16000,40,شمال,30.0,0.0,North
134,30000,38,شمال,,,North
135,180000,200,جنوب غربي,60.0,12.0,North
136,100000,240,شمال شرقي,30.0,0.0,North
137,12000,30,شرق,,,North
138,120000,70,شمال,,,North
139,120000,175,3 شوارع,,,North
140,75000,80,غرب,,,North
141,120000,70,شمال,,,North
142,100000,138,جنوب,36.0,11.0,North
143,100000,240,شمال شرقي,30.0,0.0,North
144,120000,175,3 شوارع,,,North
145,30000,38,شمال,,,North
146,60000,50,غرب,30.0,5.0,North
147,45000,36,غرب,80.0,18.0,North
148,100000,250,جنوب غربي,20.0,0.0,North
149,130000,120,جنوب,60.0,0.0,North
150,796000,606,شرق,60.0,25.0,North
151,250000,250,شمال غربي,,,North
152,1327381,678,غرب,60.0,2.0,North
153,25000,30,جنوب,,,North
154,140000,100,غرب,60.0,10.0,North
155,22000,50,شمال,,,North
156,40000,29,غرب,60.0,7.0,North
157,350000,435,غرب,40.0,0.0,North
158,80000,103,شمال,40.0,18.0,North
159,120000,150,جنوب غربي,40.0,10.0,North
160,35000,30,شمال,30.0,8.0,North
161,172500,190,شرق,60.0,6.0,North
162,80000,152,شرق,40.0,4.0,North
163,400000,170,شمال,80.0,2.0,North
164,750000,1410,شمال غربي,80.0,15.0,North
165,2550000,1700,3 شوارع,60.0,0.0,North
166,350000,246,جنوب,60.0,0.0,North
167,450000,500,غرب,60.0,10.0,North
168,1408832,719,غرب,60.0,2.0,North
169,29000,50,شرق,80.0,4.0,North
170,40000,48,جنوب,60.0,3.0,North
171,803497,410,غرب,60.0,2.0,North
172,38500,10,غرب,60.0,0.0,North
173,16000,36,غرب,30.0,0.0,North
174,558000,531,شرق,61.0,4.0,North
175,200000,250,غرب,,,North
176,50000,60,جنوب,60.0,0.0,North
177,115000,250,جنوب,30.0,0.0,North
178,320000,300,غرب,40.0,20.0,North
179,1893225,967,غرب,60.0,2.0,North
180,83200,64,جنوب,40.0,0.0,North
181,250000,265,شمال,40.0,20.0,North
182,200000,251,شرق,60.0,10.0,North
183,30000,48,غرب,,,North
184,432250,455,شرق,,,North
185,1843000,878,شمال شرقي,100.0,0.0,North
186,340000,226,3 شوارع,40.0,10.0,North
187,270000,380,غرب,60.0,10.0,North
188,20000,55,جنوب,30.0,5.0,North
189,101304,184,غرب,60.0,2.0,North
190,400000,400,جنوب شرقي,40.0,15.0,North
191,1009850,1063,شرق,60.0,0.0,North
192,20000,55,جنوب,30.0,5.0,North
193,100000,70,غرب,,,North
194,270000,494,شمال,,,North
195,266000,380,شرق,20.0,5.0,North
196,400000,225,شرق,30.0,2.0,North
197,400000,585,غرب,,,North
198,45000,35,جنوب,30.0,7.0,North
199,22000,44,جنوب,20.0,3.0,North
200,24000,40,شمال,30.0,0.0,North
201,450000,260,شمال,,,North
202,836000,380,غرب,60.0,4.0,North
203,1600,400,شمال,,,North
204,30000,60,غرب,30.0,18.0,North
205,450000,260,شمال,40.0,10.0,North
206,740000,740,شمال شرقي,5.0,4.0,North
207,450000,264,شمال,40.0,10.0,North
208,48000,150,شرق,60.0,0.0,North
209,443256,292,شرق,40.0,3.0,North
210,20000,50,جنوب,,,North
211,1000,80,شرق,30.0,15.0,North
212,650000,840,جنوب غربي,60.0,0.0,North
213,800000,1000,شرق,60.0,0.0,North
214,80000,100,غرب,,,North
215,23000,45,جنوب غربي,,,North
216,1500000,2650,3 شوارع,,,North
217,27000,48,شمال,36.0,3.0,North
218,50000,40,جنوب,29.0,12.0,North
219,250000,300,3 شوارع,15.0,15.0,North
220,845000,530,شمال,,,North
221,1600000,800,جنوب,5.0,11.0,North
222,1600000,850,شمال,,,North
223,60000,900,شرق,60.0,6.0,North
224,100000,80,جنوب غربي,40.0,6.0,North
225,742000,530,شمال غربي,30.0,5.0,North
226,160000,200,شمال,30.0,30.0,North
227,70000,140,شمال,5.0,0.0,North
228,400000,225,شمال,60.0,15.0,North
229,23000,48,جنوب,30.0,0.0,North
230,300000,240,شمال,60.0,20.0,North
231,93600,117,غرب,60.0,3.0,North
232,50000,40,جنوب,29.0,12.0,North
233,20000,32,شرق,30.0,20.0,North
234,200000,700,جنوب شرقي,60.0,0.0,North
235,113000,120,شرق,,,North
236,250000,200,غرب,40.0,12.0,North
237,120000,12,شرق,,,North
238,150000,19,شرق,,,North
239,60000,112,شمال,5.0,0.0,North
240,110000,120,جنوب,,,North
241,80000,210,جنوب,30.0,0.0,North
242,35000,60,شمال,25.0,0.0,North
243,80000,100,شرق,,,North
244,848000,530,شمال,5.0,0.0,North
245,1500,2600,شمال,50.0,15.0,North
246,900000,600,جنوب,40.0,15.0,North
247,100000,78,شمال,60.0,0.0,North
248,204000,215,شرق,100.0,6.0,North
249,374000,343,شرق,36.0,0.0,North
250,27000,50,جنوب,,,North
251,150000,180,غرب,15.0,10.0,North
252,250000,300,3 شوارع,15.0,15.0,North
253,176000,120,جنوب,47.0,30.0,North
254,324000,180,شرق,,,North
255,25000,45,جنوب,36.0,6.0,North
256,331200,207,غرب,,,North
257,27000,48,شمال,36.0,3.0,North
258,470000,320,3 شوارع,,,North
259,25000,50,شمال,35.0,0.0,North
260,470000,320,3 شوارع,,,North
261,3000000,700,شمال شرقي,100.0,22.0,North
262,250000,255,جنوب شرقي,35.0,0.0,North
263,170000,62,شرق,,,North
264,50000,80,جنوب شرقي,45.0,3.0,North
265,25000,50,شمال,35.0,0.0,North
266,200000,200,شمال,5.0,0.0,North
267,18000,41,جنوب,30.0,4.0,North
268,550000,340,جنوب,80.0,0.0,North
269,73000,50,جنوب,60.0,15.0,North
270,50000,52,شمال,20.0,0.0,North
271,700000,788,جنوب,60.0,17.0,North
272,40000,52,جنوب,80.0,11.0,North
273,90000,76,شرق,,,North
274,150000,112,شرق,40.0,10.0,North
275,5000000,5000,3 شوارع,60.0,0.0,North
276,30000,40,جنوب,30.0,0.0,North
277,120000,160,شرق,45.0,15.0,North
278,30000,30,شمال,35.0,25.0,North
279,39000,40,شمال,80.0,10.0,North
280,50000,64,غرب,80.0,15.0,North
281,50000,50,شرق,,,North
282,1300,1440,شمال شرقي,100.0,8.0,North
283,350000,650,4 شوارع,,,North
284,15000,25,شرق,,,North
285,200000,195,جنوب,,,North
286,325000,360,شرق,60.0,5.0,North
287,550000,735,جنوب,,,North
288,120000,80,شمال شرقي,31.0,9.0,North
289,720000,480,3 شوارع,,,North
290,360000,280,غرب,,,North
291,20000,48,جنوب,,,North
292,65000,60,جنوب,80.0,6.0,North
293,35000,600,جنوب,35.0,8.0,North
294,85000,111,شمال,15.0,15.0,North
295,1100,459,جنوب,60.0,0.0,North
296,175000,200,جنوب,59.0,10.0,North
297,30000,35,شمال,,,North
298,20000,50,شرق,40.0,21.0,North
299,510000,300,جنوب,60.0,0.0,North
300,65000,60,جنوب,80.0,6.0,North
301,50000,40,غرب,36.0,4.0,North
302,250000,300,جنوب شرقي,,,North
303,1400000,608,جنوب,,,North
304,600000,480,جنوب,60.0,0.0,North
305,160000,200,غرب,60.0,18.0,North
306,60000,70,جنوب,36.0,25.0,North
307,1100,459,جنوب,60.0,0.0,North
308,25000,34,شرق,31.0,10.0,North
309,85000,111,شمال,15.0,15.0,North
310,300000,300,شرق,65.0,0.0,North
311,30000,24,شمال,30.0,23.0,North
312,58500,65,جنوب,35.0,0.0,North
313,30000,32,شمال,30.0,35.0,North
314,40000,32,جنوب,36.0,23.0,North
315,50000,40,جنوب,60.0,5.0,North
316,6000,150,شرق,,,North
317,70000,52,شرق,80.0,20.0,North
318,150000,135,غرب,36.0,13.0,North
319,200000,242,غرب,60.0,2.0,North
0,16000,50,شمال غربي,20.0,15.0,West
1,80000,132,شرق,30.0,0.0,West
2,9000,30,جنوب,,,West
3,15000,20,شمال,30.0,20.0,West
4,7000,28,شمال,,,West
5,12000,25,غرب,,,West
6,20000,64,جنوب,40.0,5.0,West
7,50000,112,جنوب,30.0,17.0,West
8,9000,64,شمال,40.0,18.0,West
9,12000,48,جنوب,40.0,29.0,West
10,6000,29,جنوب,30.0,20.0,West
11,90000,225,جنوب,,,West
12,20000,72,شرق,40.0,5.0,West
13,40000,100,غرب,,,West
14,8500,4000,جنوب شرقي,,,West
15,70000,145,جنوب,40.0,7.0,West
16,250000,198,جنوب,40.0,4.0,West
17,50000,90,غرب,100.0,0.0,West
18,12000,30,غرب,30.0,20.0,West
19,64000,135,شرق,,,West
20,15000,50,شرق,40.0,0.0,West
21,14000,36,غرب,30.0,7.0,West
22,150000,200,جنوب,,,West
23,350000,1600,غرب,40.0,0.0,West
24,82400,103,3 شوارع,60.0,0.0,West
25,8500,400,جنوب شرقي,,,West
26,18500,80,غرب,30.0,30.0,West
27,40000,101,جنوب,,,West
28,1000,23,جنوب,60.0,11.0,West
29,9000,36,شرق,40.0,3.0,West
30,55000,900,جنوب شرقي,60.0,0.0,West
31,19000,30,غرب,30.0,0.0,West
32,1000,23,جنوب,60.0,11.0,West
33,250000,198,جنوب,40.0,4.0,West
34,55000,1000,شمال,60.0,0.0,West
35,14000,76,شرق,40.0,0.0,West
36,50000,128,جنوب,40.0,7.0,West
37,20000,60,غرب,40.0,4.0,West
38,1111,480,جنوب غربي,60.0,0.0,West
39,60000,250,شمال,30.0,10.0,West
40,60000,150,شمال,5.0,0.0,West
41,45000,120,شرق,,,West
42,25000,50,شرق,40.0,20.0,West
43,300000,636,شمال,40.0,0.0,West
44,40000,1200,جنوب,60.0,2.0,West
45,5500,30,شمال,30.0,0.0,West
46,70000,120,شمال,40.0,0.0,West
47,1500,36,جنوب,60.0,11.0,West
48,20000,44,شرق,40.0,8.0,West
49,25000,30,شرق,40.0,0.0,West
50,30000,3000,غرب,,,West
51,13000,67,شرق,30.0,0.0,West
52,9500,30,جنوب,20.0,30.0,West
53,85000,300,شرق,20.0,19.0,West
54,14000,40,غرب,35.0,2.0,West
55,25000,70,غرب,60.0,5.0,West
56,120000,819,شرق,30.0,5.0,West
57,9000,30,غرب,,,West
58,5500,30,جنوب,,,West
59,27000,56,شمال,60.0,2.0,West
60,30000,88,شمال,,,West
61,14000,40,شرق,,,West
62,25000,70,غرب,60.0,5.0,West
63,60000,80,شمال,40.0,25.0,West
64,34999,88,شمال,75.0,17.0,West
65,20000,45,شمال,40.0,14.0,West
66,10000,48,شرق,30.0,0.0,West
67,23000,71,جنوب,,,West
68,60000,65,3 شوارع,,,West
69,40000,900,شمال غربي,35.0,0.0,West
70,50000,100,شمال,,,West
71,34000,48,شمال,40.0,8.0,West
72,16500,44,جنوب غربي,45.0,10.0,West
73,120000,819,شرق,30.0,5.0,West
74,50000,50,غرب,36.0,7.0,West
75,200000,240,3 شوارع,,,West
76,14000,42,جنوب,30.0,6.0,West
77,100000,200,غرب,35.0,3.0,West
78,60000,90,جنوب,40.0,4.0,West
79,20000,64,جنوب,40.0,5.0,West
80,60000,550,شرق,60.0,0.0,West
81,18000,11,جنوب,,,West
82,45000,56,شمال,40.0,4.0,West
83,50000,1800,شمال,30.0,0.0,West
84,5000,24,شرق,33.0,25.0,West
85,100000,218,غرب,30.0,2.0,West
86,40000,100,شمال,40.0,4.0,West
87,60000,130,شمال,40.0,0.0,West
88,60000,250,شمال,35.0,0.0,West
89,30000,110,شمال,60.0,0.0,West
90,35000,38,شمال,40.0,0.0,West
91,100000,500,جنوب,40.0,5.0,West
92,86000,220,جنوب,60.0,11.0,West
93,15000,48,غرب,30.0,30.0,West
94,37000,110,جنوب,,,West
95,18000,64,جنوب,,,West
96,11000,24,شمال,30.0,33.0,West
97,50000,80,شمال,40.0,20.0,West
98,80000,400,شرق,30.0,0.0,West
99,5000,40,غرب,,,West
100,40000,101,جنوب,,,West
101,150000,480,شرق,30.0,0.0,West
102,7000,28,شمال,,,West
103,16000,40,شرق,41.0,2.0,West
104,7000,105,جنوب,40.0,0.0,West
105,19000,30,غرب,30.0,0.0,West
106,60000,1200,جنوب,60.0,0.0,West
107,1000,23,جنوب,60.0,10.0,West
108,12000,45,جنوب,,,West
109,35000,50,غرب,40.0,0.0,West
110,26000,100,جنوب,,,West
111,80000,400,شرق,30.0,0.0,West
112,25000,130,شرق,30.0,0.0,West
113,20000,170,شرق,,,West
114,1350000,240,شمال,20.0,0.0,West
115,12000,48,شمال,30.0,4.0,West
116,125000,108,شرق,40.0,10.0,West
117,50000,180,غرب,60.0,0.0,West
118,1000,23,جنوب,60.0,11.0,West
119,100000,300,جنوب,100.0,3.0,West
120,17000,55,غرب,34.0,6.0,West
121,14000,40,غرب,35.0,2.0,West
122,20000,80,شرق,30.0,26.0,West
123,8500,32,شرق,35.0,2.0,West
124,10000,44,شمال شرقي,32.0,0.0,West
125,20000,45,شمال,35.0,0.0,West
126,17000,48,شرق,,,West
127,1350000,240,شمال,20.0,0.0,West
128,16000,60,شمال,40.0,5.0,West
129,7000,40,شمال,10.0,18.0,West
130,30000,75,شمال,,,West
131,11500,24,شمال,30.0,33.0,West
132,13000,36,شرق,,,West
133,21000,40,جنوب,40.0,0.0,West
134,90000,210,شمال,60.0,0.0,West
135,27000,56,شمال,60.0,2.0,West
136,45000,80,جنوب,40.0,15.0,West
137,15000,36,جنوب,5.0,15.0,West
138,40000,33,غرب,,,West
139,50000,80,غرب,40.0,0.0,West
140,24000,100,شمال,30.0,20.0,West
141,15000,24,جنوب,40.0,0.0,West
142,55000,96,شمال,30.0,10.0,West
143,8500,30,شمال,60.0,5.0,West
144,14000,35,شمال,30.0,23.0,West
145,60000,180,شرق,,,West
146,100000,224,جنوب شرقي,,,West
147,12500,900,جنوب,30.0,0.0,West
148,40000,120,شمال,30.0,12.0,West
149,10000,40,غرب,20.0,0.0,West
150,6000,23,شمال,40.0,10.0,West
151,8500,35,شرق,,,West
152,35000,112,شرق,40.0,5.0,West
153,10000,40,جنوب,40.0,0.0,West
154,9000,30,جنوب,,,West
155,25000,65,شرق,,,West
156,85000,300,شرق,20.0,19.0,West
157,10000,6,شمال,30.0,30.0,West
158,10000,64,شمال,30.0,35.0,West
159,30000,124,شمال,60.0,0.0,West
160,80000,160,جنوب,30.0,25.0,West
161,80000,260,جنوب,100.0,0.0,West
162,90000,40,جنوب,,,West
163,9000,64,شمال,40.0,18.0,West
164,30000,58,شرق,100.0,0.0,West
165,35000,112,جنوب,,,West
166,14500,44,شمال غربي,25.0,9.0,West
167,35000,48,شرق,40.0,11.0,West
168,9000,30,شمال,30.0,0.0,West
169,125000,108,شرق,40.0,10.0,West
170,30000,60,جنوب,40.0,5.0,West
171,15000,60,شمال شرقي,60.0,2.0,West
172,35000,900,شرق,40.0,0.0,West
173,60000,189,شمال,40.0,5.0,West
174,80000,132,شرق,30.0,0.0,West
175,45000,120,شرق,,,West
176,16000,51,جنوب,,,West
177,5500,30,شمال,30.0,0.0,West
178,5000,300,جنوب,20.0,15.0,West
179,75000,120,جنوب,60.0,4.0,West
180,120000,380,شمال,30.0,8.0,West
181,35000,175,شرق,30.0,2.0,West
182,40000,33,غرب,,,West
183,50000,636,شمال,40.0,0.0,West
184,40000,85,شرق,31.0,3.0,West
185,5500,27,غرب,,,West
186,800000,1050,شمال شرقي,60.0,9.0,West
187,16000,48,شمال,,,West
188,12000,50,جنوب,20.0,10.0,West
189,1000,23,جنوب,60.0,10.0,West
190,90000,228,شمال شرقي,100.0,5.0,West
191,27000,14,شمال,,,West
192,9000,30,شمال,30.0,0.0,West
193,10000,48,شرق,30.0,0.0,West
194,35000,112,شرق,40.0,5.0,West
195,12000,120,شرق,25.0,0.0,West
196,100000,200,غرب,35.0,3.0,West
197,50000,900,غرب,6.0,0.0,West
198,14000,32,شرق,40.0,36.0,West
199,40000,96,جنوب,,,West
200,35000,260,شرق,40.0,0.0,West
201,20000,45,شمال,35.0,0.0,West
202,17500,35,شرق,30.0,0.0,West
203,26000,12,شمال,,,West
204,50000,100,شمال,,,West
205,90000,40,جنوب,,,West
206,20000,80,شرق,30.0,26.0,West
207,15000,84,شمال,60.0,4.0,West
208,300000,900,غرب,,,West
209,19000,35,غرب,40.0,8.0,West
210,22000,40,جنوب,,,West
211,50000,80,غرب,40.0,0.0,West
212,35000,120,جنوب,,,West
213,95000,150,3 شوارع,40.0,0.0,West
214,25000,80,شرق,40.0,5.0,West
215,60000,120,شمال,40.0,30.0,West
216,8500,400,جنوب شرقي,,,West
217,50000,400,شرق,40.0,20.0,West
218,55000,50,جنوب,50.0,7.0,West
219,60000,80,شمال,40.0,25.0,West
220,70000,145,جنوب,40.0,6.0,West
221,45000,80,جنوب,40.0,15.0,West
222,8500,35,شرق,,,West
223,52500,75,جنوب شرقي,60.0,0.0,West
224,20000,35,شمال,40.0,21.0,West
225,25000,40,جنوب,40.0,25.0,West
226,8500,30,شمال,60.0,5.0,West
227,100000,300,شمال,30.0,0.0,West
228,15000,48,غرب,30.0,30.0,West
229,7000,112,جنوب,15.0,0.0,West
230,120000,600,جنوب,30.0,0.0,West
231,10000,40,جنوب,40.0,0.0,West
232,1000,23,جنوب,60.0,11.0,West
233,5000,300,جنوب,20.0,15.0,West
234,7000,40,شمال,10.0,18.0,West
235,36000,144,شمال,30.0,36.0,West
236,10000,40,شمال,,,West
237,25000,48,جنوب,40.0,5.0,West
238,120000,450,غرب,67.0,6.0,West
239,80000,250,شمال,30.0,10.0,West
240,15000,40,غرب,11.0,7.0,West
241,195000,455,شمال شرقي,,,West
242,14000,40,شرق,40.0,5.0,West
243,100000,252,شمال,40.0,5.0,West
244,13000,25,غرب,15.0,7.0,West
245,14000,48,شمال,40.0,9.0,West
246,1500,36,جنوب,60.0,7.0,West
247,20000,85,شمال,60.0,0.0,West
248,400000,725,جنوب,,,West
249,80000,160,جنوب,30.0,25.0,West
250,55000,900,جنوب شرقي,60.0,0.0,West
251,100000,500,جنوب,40.0,5.0,West
252,45000,104,شمال شرقي,30.0,11.0,West
253,1000,24,جنوب,60.0,10.0,West
254,350000,900,شمال شرقي,,,West
255,18000,36,جنوب,40.0,3.0,West
256,30000,124,شمال,60.0,0.0,West
257,10000,40,غرب,60.0,5.0,West
258,18500,80,غرب,30.0,30.0,West
259,120000,348,جنوب,40.0,10.0,West
260,1000,23,جنوب,60.0,10.0,West
261,13000,40,شرق,42.0,5.0,West
262,12000,40,غرب,30.0,12.0,West
263,800000,1050,شمال شرقي,60.0,9.0,West
264,18000,32,جنوب,100.0,0.0,West
265,180000,250,شرق,40.0,5.0,West
266,20000,60,شمال,,,West
267,17000,60,جنوب غربي,32.0,2.0,West
268,72000,300,غرب,,,West
269,7000,105,جنوب,40.0,0.0,West
270,50000,450,شمال,30.0,4.0,West
271,500000,900,شمال غربي,60.0,10.0,West
272,25000,40,جنوب,40.0,25.0,West
273,36000,144,شمال,30.0,36.0,West
274,30000,480,شمال,30.0,0.0,West
275,18000,60,شرق,40.0,5.0,West
276,23000,64,شرق,31.0,0.0,West
277,9000,36,شرق,40.0,5.0,West
278,5000,30,غرب,30.0,3.0,West
279,12000,120,شرق,25.0,0.0,West
280,10000,40,شمال,,,West
281,10000,6,شمال,30.0,30.0,West
282,17000,40,غرب,40.0,7.0,West
283,60000,140,شمال,60.0,6.0,West
284,25000,30,شرق,40.0,0.0,West
285,16000,35,جنوب,35.0,0.0,West
286,16500,44,جنوب غربي,45.0,10.0,West
287,30000,400,شمال,41.0,9.0,West
288,70000,150,شرق,10.0,15.0,West
289,30000,64,جنوب,30.0,0.0,West
290,40000,100,جنوب,40.0,0.0,West
291,18000,40,شمال,40.0,2.0,West
292,9000,36,شرق,40.0,3.0,West
293,15000,24,جنوب,40.0,0.0,West
294,52000,400,غرب,60.0,15.0,West
295,12000,48,شمال,40.0,35.0,West
296,65000,150,غرب,40.0,0.0,West
297,23000,71,جنوب,,,West
298,35000,900,شرق,40.0,0.0,West
299,15000,30,شمال,30.0,18.0,West
300,10000,64,شمال,30.0,35.0,West
301,16000,51,جنوب,,,West
302,86000,220,جنوب,60.0,11.0,West
303,30000,192,جنوب,30.0,0.0,West
304,10000,50,غرب,,,West
305,30000,110,شمال,60.0,0.0,West
306,2000000,5400,شرق,20.0,2.0,West
307,16000,56,شمال,60.0,4.0,West
308,11500,24,شمال,30.0,33.0,West
309,40000,160,غرب,30.0,3.0,West
310,50000,80,شمال,40.0,30.0,West
311,160000,400,جنوب شرقي,60.0,7.0,West
312,19000,112,جنوب,60.0,7.0,West
313,34999,88,شمال,75.0,17.0,West
314,17000,48,شرق,,,West
315,60000,1800,جنوب,60.0,5.0,West
316,100000,224,جنوب شرقي,,,West
317,10000,32,شرق,20.0,2.0,West
318,10000,100,شمال,40.0,10.0,West
319,37000,110,جنوب,,,West
320,22000,84,شمال,40.0,4.0,West
321,700000,1200,3 شوارع,60.0,10.0,West
322,16000,60,غرب,30.0,6.0,West
323,35000,1800,شرق,40.0,3.0,West
324,15000,30,شرق,40.0,10.0,West
325,50000,500,شمال,30.0,8.0,West
326,18000,64,جنوب,,,West
327,18000,66,شمال,,,West
328,13000,36,شرق,,,West
329,100000,900,شمال غربي,40.0,0.0,West
330,35000,38,شمال,40.0,0.0,West
331,30000,200,جنوب شرقي,10.0,20.0,West
332,50000,65,جنوب,40.0,0.0,West
333,10000,30,غرب,40.0,26.0,West
334,260000,400,جنوب,,,West
335,35000,48,شرق,40.0,11.0,West
336,15000,24,شمال,30.0,2.0,West
337,25000,63,شرق,40.0,0.0,West
338,100000,218,غرب,30.0,2.0,West
339,14000,34,شمال,,,West
340,50000,90,غرب,100.0,0.0,West
341,12000,25,غرب,,,West
342,40000,100,غرب,,,West
343,25000,80,شرق,40.0,5.0,West
344,10000,25,3 شوارع,,,West
345,20000,160,شمال,,,West
346,5000,25,جنوب,30.0,28.0,West
347,45000,900,شرق,40.0,0.0,West
348,25000,50,شرق,40.0,20.0,West
349,35000,60,جنوب,,,West
350,1000,24,جنوب,60.0,10.0,West
351,25000,64,جنوب,,,West
352,50000,80,شمال,40.0,30.0,West
353,50000,500,شمال,30.0,8.0,West
354,350000,900,شمال شرقي,,,West
355,10000,34,جنوب غربي,,,West
356,20000,72,شرق,40.0,5.0,West
357,100000,300,شمال,30.0,0.0,West
358,20000,64,شرق,,,West
359,7200,42,شرق,30.0,2.0,West
360,15000,32,غرب,40.0,0.0,West
361,100000,300,جنوب,100.0,3.0,West
362,17000,120,شمال,40.0,5.0,West
363,30000,400,شمال,41.0,9.0,West
364,15000,20,شمال,30.0,20.0,West
365,23000,96,شمال,,,West
366,55000,1050,جنوب شرقي,40.0,0.0,West
367,35000,260,شرق,40.0,0.0,West
368,18000,66,شمال,,,West
369,90000,225,جنوب,,,West
370,14000,34,شمال,,,West
371,18000,48,جنوب,,,West
372,40000,85,شرق,31.0,3.0,West
373,45000,104,شمال شرقي,30.0,11.0,West
374,25000,50,جنوب,36.0,10.0,West
375,52500,75,جنوب شرقي,60.0,0.0,West
376,150000,1200,شمال,40.0,0.0,West
377,30000,192,جنوب,30.0,0.0,West
378,120000,450,غرب,67.0,6.0,West
379,80000,250,شمال,30.0,10.0,West
380,15000,36,جنوب,5.0,15.0,West
381,60000,90,شرق,30.0,10.0,West
382,11000,25,غرب,30.0,25.0,West
383,60000,80,جنوب غربي,30.0,15.0,West
384,18000,11,جنوب,,,West
385,20000,60,شمال,,,West
386,65000,1200,شمال,,,West
387,25000,45,شمال,40.0,0.0,West
388,11000,32,شمال,20.0,5.0,West
389,30000,50,شرق,40.0,8.0,West
390,5000,24,شرق,33.0,25.0,West
391,50000,130,شمال,40.0,0.0,West
392,6000,24,جنوب,20.0,20.0,West
393,21000,40,جنوب,40.0,0.0,West
394,350000,1600,غرب,40.0,0.0,West
395,35000,50,شمال,,,West
396,12000,32,شمال,40.0,26.0,West
397,30000,40,شرق,100.0,35.0,West
398,32000,40,شمال,,,West
399,9000,32,شمال,30.0,0.0,West
400,8000,90,شمال غربي,40.0,3.0,West
401,70000,112,شمال,,,West
402,70000,40,جنوب,60.0,0.0,West
403,11000,40,شمال,40.0,11.0,West
404,70000,225,جنوب,40.0,15.0,West
405,24000,150,جنوب,20.0,20.0,West
406,8000,12,شرق,15.0,12.0,West
407,30000,500,جنوب,40.0,27.0,West
408,34000,48,شمال,40.0,8.0,West
409,10000,100,غرب,,,West
410,15000,48,غرب,30.0,7.0,West
411,13000,20,شمال,40.0,27.0,West
412,40000,20,شمال,35.0,0.0,West
413,1500,36,جنوب,60.0,10.0,West
414,200000,528,غرب,40.0,4.0,West
415,60000,200,غرب,20.0,16.0,West
416,180000,240,جنوب,31.0,20.0,West
417,28000,36,شرق,30.0,20.0,West
418,40000,40,شمال,,,West
419,12000,32,شمال,40.0,26.0,West
420,50000,82,جنوب,40.0,0.0,West
421,90000,120,شمال,,,West
422,10000,200,شرق,30.0,22.0,West
423,180000,264,3 شوارع,,,West
424,54000,216,شرق,40.0,0.0,West
425,200000,800,شمال غربي,40.0,0.0,West
426,1200000,1250,3 شوارع,100.0,23.0,West
427,35000,150,غرب,40.0,3.0,West
428,45000,100,جنوب,5.0,25.0,West
429,11000,50,جنوب,24.0,15.0,West
430,20000,72,شمال,59.0,2.0,West
431,120000,440,جنوب,,,West
432,270000,450,جنوب,40.0,0.0,West
433,9000,36,شرق,30.0,20.0,West
434,500000,1200,جنوب شرقي,40.0,15.0,West
435,100000,108,شمال,,,West
436,100000,400,جنوب,,,West
437,18000,28,جنوب غربي,30.0,20.0,West
438,10000,28,غرب,40.0,5.0,West
439,17000,100,شمال,20.0,25.0,West
440,15000,48,غرب,30.0,7.0,West
441,35000,150,غرب,40.0,3.0,West
442,70000,112,شمال,,,West
443,70000,300,جنوب,40.0,20.0,West
444,11000,48,شمال شرقي,41.0,31.0,West
445,12000,32,شمال,40.0,26.0,West
446,20000,40,جنوب,30.0,4.0,West
447,15000,32,شرق,40.0,0.0,West
448,160000,200,شمال,,,West
449,70000,225,جنوب,40.0,15.0,West
450,120000,440,جنوب,,,West
451,8000,12,شرق,15.0,12.0,West
452,20000,72,شمال,59.0,2.0,West
453,10000,200,شرق,30.0,22.0,West
454,500000,1200,جنوب شرقي,40.0,15.0,West
455,100000,108,شمال,,,West
456,13000,20,شمال,40.0,27.0,West
457,24000,150,جنوب,20.0,20.0,West
458,54000,216,شرق,40.0,0.0,West
459,40000,40,شمال,,,West
0,90000,1200,3 شوارع,60.0,5.0,South
1,30000,122,شمال,60.0,0.0,South
2,25000,42,شرق,30.0,15.0,South
3,25000,150,جنوب,30.0,2.0,South
4,5000,26,جنوب,30.0,18.0,South
5,85000,117,غرب,60.0,7.0,South
6,25000,50,شمال,30.0,0.0,South
7,5000,35,جنوب,30.0,10.0,South
8,6000,27,شمال,35.0,14.0,South
9,6000,27,شمال,35.0,11.0,South
10,60000,150,غرب,40.0,5.0,South
11,6000,25,شمال,30.0,10.0,South
12,7000,40,غرب,35.0,14.0,South
13,50000,98,غرب,40.0,3.0,South
14,15000,35,غرب,60.0,11.0,South
15,24000,50,جنوب,,,South
16,5000,36,شمال,30.0,15.0,South
17,7000,30,شمال,30.0,15.0,South
18,35000,80,غرب,,,South
19,60000,150,غرب,40.0,2.0,South
20,25000,80,غرب,40.0,5.0,South
21,50000,70,غرب,16.0,0.0,South
22,15000,72,شمال,,,South
23,38000,70,جنوب شرقي,60.0,0.0,South
24,28000,96,غرب,30.0,5.0,South
25,13000,32,غرب,30.0,12.0,South
26,21000,48,جنوب,40.0,5.0,South
27,15000,48,غرب,,,South
28,80000,240,جنوب,35.0,0.0,South
29,70000,1500,شمال,,,South
30,15000,44,شمال,30.0,12.0,South
31,20000,70,شمال,30.0,8.0,South
32,40000,50,شرق,,,South
33,15000,30,جنوب,30.0,12.0,South
34,17000,50,جنوب غربي,40.0,10.0,South
35,65000,156,شرق,60.0,0.0,South
36,25000,120,شمال,60.0,15.0,South
37,35000,120,شرق,40.0,0.0,South
38,50000,200,جنوب شرقي,60.0,0.0,South
39,85000,160,شمال,60.0,2.0,South
40,55000,264,جنوب,,,South
41,30000,104,شرق,,,South
42,12000,60,جنوب,30.0,0.0,South
43,50000,800,شرق,40.0,2.0,South
44,12000,32,جنوب,36.0,4.0,South
45,150000,988,جنوب غربي,20.0,8.0,South
46,280000,562,جنوب غربي,50.0,0.0,South
47,1000,45,غرب,40.0,5.0,South
48,15000,65,غرب,30.0,3.0,South
49,600000,2100,3 شوارع,,,South
50,40000,102,شمال,60.0,4.0,South
51,125000,80,شمال,80.0,0.0,South
52,30000,40,شرق,60.0,0.0,South
53,18000,40,شمال,60.0,13.0,South
54,60000,84,جنوب,,,South
55,15000,48,شرق,60.0,10.0,South
56,16000,50,جنوب,60.0,9.0,South
57,5000,35,شرق,35.0,10.0,South
58,20000,45,شمال,,,South
59,45000,100,شمال,60.0,30.0,South
60,20000,50,غرب,60.0,15.0,South
61,7000,40,شمال,35.0,3.0,South
62,11000,40,شمال,30.0,3.0,South
63,12000,50,شمال,40.0,5.0,South
64,15000,40,غرب,,,South
65,12000,50,شمال,35.0,0.0,South
66,80000,145,غرب,,,South
67,84500,130,غرب,60.0,2.0,South
68,15000,40,جنوب شرقي,35.0,0.0,South
69,10000,35,شمال,30.0,7.0,South
70,75000,200,شرق,60.0,0.0,South
71,55000,500,غرب,60.0,10.0,South
72,850000,900,جنوب,100.0,0.0,South
73,160000,240,جنوب شرقي,36.0,0.0,South
74,350000,840,شرق,35.0,0.0,South
75,65000,245,غرب,40.0,3.0,South
76,350000,900,شمال غربي,60.0,0.0,South
77,156000,72,شمال,,,South
78,13000,32,غرب,60.0,15.0,South
79,7000,25,غرب,60.0,5.0,South
80,45000,120,شرق,60.0,0.0,South
81,15000,40,شرق,60.0,0.0,South
82,30000,80,شرق,60.0,0.0,South
83,15000,40,شرق,60.0,0.0,South
84,135000,360,شرق,60.0,0.0,South
85,12000,40,جنوب,60.0,6.0,South
86,20000,40,شمال,,,South
87,25000,54,شمال شرقي,,,South
88,18000,50,غرب,30.0,12.0,South
89,140000,1375,غرب,,,South
90,22000,45,غرب,,,South
91,70000,265,شمال,60.0,5.0,South
92,60000,220,شمال,80.0,0.0,South
93,90000,150,غرب,60.0,6.0,South
94,1000,3000,جنوب شرقي,60.0,0.0,South
95,120000,125,غرب,,,South
96,15000,54,جنوب,20.0,9.0,South
97,25300,150,شمال,,,South
98,25000,75,شمال,25.0,0.0,South
99,14000,36,شرق,,,South
100,75000,1127,غرب,36.0,6.0,South
101,70000,80,جنوب,60.0,10.0,South
102,17000,39,جنوب,,,South
103,25300,150,شمال,,,South
104,75000,300,3 شوارع,,,South
105,60000,100,جنوب,61.0,7.0,South
106,60000,276,جنوب,40.0,0.0,South
107,100000,300,جنوب شرقي,,,South
108,120000,875,غرب,40.0,3.0,South
109,250000,638,جنوب غربي,40.0,14.0,South
110,21000,80,غرب,30.0,10.0,South
111,1200,28,غرب,60.0,13.0,South
112,800000,1380,شمال,60.0,0.0,South
113,38000,101,شمال,36.0,35.0,South
114,9000,40,شمال,,,South
115,31000,50,شرق,,,South
116,18000,60,جنوب,60.0,10.0,South
117,90000,300,شرق,30.0,15.0,South
118,25000,60,جنوب غربي,40.0,8.0,South
119,18000,48,شمال,40.0,10.0,South
120,31000,50,شرق,,,South
121,40000,52,شمال,20.0,22.0,South
122,150000,150,جنوب,60.0,5.0,South
123,150000,60,جنوب,20.0,6.0,South
124,350000,600,شمال شرقي,50.0,12.0,South
125,10000,85,جنوب,40.0,25.0,South
126,35000,55,شمال,40.0,10.0,South
127,60000,60,شرق,30.0,0.0,South
128,200000,500,شرق,,,South
129,55000,90,شمال شرقي,60.0,0.0,South
130,120000,150,3 شوارع,,,South
131,45000,20,جنوب شرقي,,,South
132,80000,120,شرق,37.0,0.0,South
133,100000,1600,3 شوارع,,,South
134,125000,480,شمال,60.0,0.0,South
135,100000,360,شرق,36.0,15.0,South
136,180000,170,شمال غربي,,,South
137,500000,3064,3 شوارع,40.0,0.0,South
138,12000,200,شمال,36.0,3.0,South
139,70000,6,جنوب,,,South
140,100000,510,شمال,,,South
141,35000,150,جنوب غربي,35.0,2.0,South
142,500000,3064,3 شوارع,40.0,0.0,South
143,35000,150,جنوب غربي,35.0,2.0,South
144,12000,200,شمال,36.0,3.0,South
145,35000,150,جنوب غربي,35.0,2.0,South
146,35000,150,جنوب غربي,35.0,2.0,South
147,500000,1370,جنوب غربي,40.0,4.0,South
148,70000,6,جنوب,,,South
149,40000,126,غرب,60.0,5.0,South
150,180000,170,شمال غربي,,,South
151,170000,200,3 شوارع,100.0,6.0,South
152,65000,140,جنوب شرقي,60.0,0.0,South
153,16000,40,جنوب,35.0,6.0,South
154,55000,50,شمال,,,South
155,80000,296,شمال,60.0,0.0,South
156,25000,261,غرب,40.0,4.0,South
157,120000,1000,شمال,,,South
158,14000,28,غرب,30.0,16.0,South
159,8000,26,غرب,30.0,17.0,South
160,100000,80,شمال,30.0,16.0,South
161,15000,75,شمال شرقي,30.0,15.0,South
162,500000,1200,شرق,40.0,20.0,South
163,12000,36,شمال غربي,20.0,7.0,South
164,14500,30,شمال شرقي,30.0,14.0,South
165,15000,28,شمال,40.0,18.0,South
166,65000,100,شمال,60.0,14.0,South
167,6000,28,غرب,30.0,17.0,South
168,42000,121,شمال,60.0,0.0,South
169,15000,40,شمال,30.0,10.0,South
170,25000,45,غرب,,,South
171,50000,1250,شرق,60.0,0.0,South
172,40000,75,غرب,60.0,14.0,South
173,90000,88,شرق,50.0,0.0,South
174,210000,300,غرب,75.0,0.0,South
175,66000,600,غرب,22.0,26.0,South
176,9000,24,غرب,30.0,32.0,South
177,1000000,2000,شرق,60.0,0.0,South
178,7000,28,شمال,30.0,15.0,South
179,10400,40,شمال,40.0,15.0,South
0,115500,75,شمال غربي,36.0,4.0,East
1,15000,44,شرق,30.0,0.0,East
2,35000,100,شرق,5.0,2.0,East
3,20000,36,شمال,30.0,5.0,East
4,60000,80,شمال,30.0,0.0,East
5,30000,64,شمال,20.0,5.0,East
6,18000,32,شمال,30.0,5.0,East
7,15000,36,شمال,30.0,3.0,East
8,25000,38,غرب,25.0,8.0,East
9,35000,100,شمال,60.0,2.0,East
10,30000,38,شمال,20.0,2.0,East
11,10000,35,جنوب,40.0,22.0,East
12,15000,36,غرب,35.0,9.0,East
13,118000,132,شرق,30.0,0.0,East
14,40000,300,شرق,40.0,3.0,East
15,995000,1668,شرق,,,East
16,13000,52,جنوب,30.0,8.0,East
17,150000,200,جنوب,,,East
18,40000,48,شرق,60.0,5.0,East
19,200000,1200,شرق,40.0,4.0,East
20,10000,35,جنوب,40.0,22.0,East
21,15000,36,غرب,35.0,9.0,East
22,200000,1200,شرق,40.0,4.0,East
23,40000,48,شرق,60.0,5.0,East
24,14000,60,غرب,30.0,2.0,East
25,118000,132,شرق,30.0,0.0,East
26,100000,112,شرق,30.0,0.0,East
27,108000,240,غرب,30.0,15.0,East
28,13000,40,جنوب,25.0,8.0,East
29,65000,150,غرب,40.0,3.0,East
30,40000,300,شرق,40.0,3.0,East
31,20000,50,غرب,30.0,20.0,East
32,20000,48,شرق,30.0,12.0,East
33,300000,1008,شمال,60.0,11.0,East
34,70000,120,غرب,30.0,14.0,East
35,70000,128,غرب,40.0,20.0,East
36,30000,32,شرق,60.0,8.0,East
37,50000,75,غرب,60.0,0.0,East
38,65000,122,غرب,60.0,0.0,East
39,10000,24,غرب,,,East
40,12000,32,شرق,60.0,15.0,East
41,250000,317,شرق,60.0,0.0,East
42,300000,600,شمال شرقي,35.0,5.0,East
43,320000,200,غرب,60.0,15.0,East
44,16000,41,شرق,30.0,7.0,East
45,9000,28,جنوب,25.0,25.0,East
46,160000,143,جنوب,100.0,0.0,East
47,130000,140,شمال,60.0,10.0,East
48,20000,40,شمال شرقي,30.0,5.0,East
49,70000,170,شرق,36.0,0.0,East
50,6000,20,شرق,100.0,0.0,East
51,130000,160,شرق,40.0,15.0,East
52,25000,48,شرق,,,East
53,30000,36,جنوب,20.0,2.0,East
54,180000,315,شمال,,,East
55,25000,1250,شرق,,,East
56,30000,75,جنوب,60.0,10.0,East
57,15000,40,شمال,40.0,7.0,East
58,60000,100,غرب,60.0,5.0,East
59,25000,22,جنوب,100.0,6.0,East
60,160000,143,جنوب,100.0,0.0,East
61,15000,40,شمال,40.0,7.0,East
62,790000,1054,شمال,100.0,0.0,East
63,100000,150,شمال,100.0,0.0,East
64,60000,100,غرب,60.0,5.0,East
65,55000,80,غرب,60.0,6.0,East
66,80000,114,جنوب,40.0,5.0,East
67,6000,20,شرق,100.0,0.0,East
68,180000,315,شمال,,,East
69,15000,4,شمال,,,East
70,8500,39,شمال,30.0,11.0,East
71,25000,32,غرب,40.0,0.0,East
72,36000,75,شمال,40.0,7.0,East
73,35000,48,شمال,100.0,20.0,East
74,125000,191,شرق,60.0,0.0,East
75,550000,1879,جنوب غربي,35.0,15.0,East
76,35000,60,شمال شرقي,,,East
77,40000,30,جنوب غربي,40.0,12.0,East
78,390000,572,جنوب,80.0,0.0,East
79,70000,280,غرب,40.0,35.0,East
80,1350,124,شمال شرقي,40.0,0.0,East
81,7000,80,شمال,,,East
82,21000,80,شمال,30.0,23.0,East
83,75000,180,شرق,40.0,25.0,East
84,1000000,2185,شمال,20.0,0.0,East
85,25000,47,شرق,40.0,0.0,East
86,100000,96,شمال,60.0,5.0,East
87,70000,190,شمال,20.0,30.0,East
88,18000,20,جنوب,30.0,30.0,East
89,50000,118,جنوب,30.0,30.0,East
90,24000,40,جنوب,36.0,15.0,East
91,150000,260,غرب,40.0,18.0,East
92,18000,35,غرب,30.0,5.0,East
93,10000,40,شرق,,,East
94,292000,292,جنوب,100.0,0.0,East
95,30000,300,شرق,40.0,6.0,East
96,80000,150,شمال,,,East
97,18000,35,غرب,30.0,5.0,East
98,16000,30,غرب,40.0,9.0,East
99,70000,60,شمال,,,East
100,40000,900,جنوب,,,East
101,95000,285,شمال,100.0,0.0,East
102,45000,48,شرق,60.0,5.0,East
103,550000,1050,شرق,60.0,0.0,East
104,120000,150,شرق,,,East
105,30000,32,شرق,40.0,16.0,East
106,227500,350,شمال,,,East
107,32000,64,جنوب,30.0,5.0,East
108,9000,36,غرب,35.0,6.0,East
109,60000,120,جنوب,80.0,20.0,East
110,40000,153,شمال,60.0,3.0,East
111,16000,32,جنوب,30.0,4.0,East
112,60000,3500,شمال,100.0,6.0,East
113,35000,31,شمال,35.0,3.0,East
114,60000,122,غرب,60.0,0.0,East
115,350000,300,شرق,50.0,0.0,East
116,80000,150,جنوب,35.0,0.0,East
117,17000,40,شرق,,,East
118,230000,320,جنوب,35.0,35.0,East
119,388800,288,شمال شرقي,20.0,2.0,East
120,400000,800,شمال,60.0,5.0,East
121,250000,104,غرب,60.0,0.0,East
122,90000,120,شرق,40.0,8.0,East
123,36000,80,شمال,40.0,8.0,East
124,55000,322,جنوب,40.0,6.0,East
125,50000,145,جنوب غربي,40.0,11.0,East
126,180000,235,شمال شرقي,60.0,0.0,East
127,50000,125,شرق,40.0,10.0,East
128,18000,40,جنوب,30.0,3.0,East
129,20000,40,غرب,36.0,6.0,East
130,70000,174,شرق,60.0,0.0,East
131,30000,30,شرق,40.0,0.0,East
132,90000,88,شمال,36.0,0.0,East
133,18000,50,شمال,20.0,3.0,East
134,1857500,3715,شرق,25.0,0.0,East
135,100000,229,غرب,60.0,0.0,East
136,40000,50,غرب,31.0,3.0,East
137,40000,120,شمال,36.0,0.0,East
138,28000,72,جنوب,40.0,3.0,East
139,40000,72,جنوب,36.0,0.0,East
140,65000,1122,شمال,30.0,2.0,East
141,40000,120,شمال,36.0,0.0,East
142,30000,32,شمال,60.0,7.0,East
143,30000,60,جنوب,60.0,7.0,East
144,110000,200,جنوب,20.0,0.0,East
145,16000,36,غرب,20.0,3.0,East
146,30000,30,شرق,40.0,0.0,East
147,30000,60,شرق,20.0,5.0,East
148,65000,140,شرق,35.0,18.0,East
149,40000,72,جنوب,36.0,0.0,East
150,277000,185,شرق,50.0,0.0,East
151,250000,400,غرب,30.0,7.0,East
152,90000,88,شمال,36.0,0.0,East
153,18000,50,شمال,20.0,3.0,East
154,120000,180,غرب,20.0,0.0,East
155,350000,104,غرب,5.0,0.0,East
156,30000,40,غرب,60.0,4.0,East
157,23000,35,شرق,20.0,2.0,East
158,350000,469,شمال,,,East
159,20000,48,شرق,60.0,9.0,East
160,20000,48,شرق,60.0,9.0,East
161,350000,469,شمال,,,East
162,300000,1560,غرب,60.0,20.0,East
163,100000,160,شمال,37.0,7.0,East
164,20000,40,جنوب,,,East
165,30000,48,غرب,40.0,15.0,East
166,22000,40,جنوب,,,East
167,500000,570,جنوب شرقي,70.0,10.0,East
168,18000,40,شمال,30.0,3.0,East
169,25000,65,شرق,40.0,15.0,East
170,12000,35,شرق,35.0,12.0,East
171,200000,170,جنوب,30.0,4.0,East
172,17000,57,غرب,,,East
173,65000,88,غرب,40.0,4.0,East
174,50000,10,غرب,,,East
175,12000,24,غرب,36.0,18.0,East
176,35000,45,شرق,25.0,15.0,East
177,17000,40,جنوب غربي,30.0,0.0,East
178,7000,650,غرب,60.0,25.0,East
179,30000,110,جنوب,40.0,22.0,East
180,18000,80,جنوب غربي,30.0,4.0,East
181,25000,50,غرب,35.0,2.0,East
182,22000,40,جنوب,,,East
183,12000,24,غرب,36.0,18.0,East
184,20000,40,جنوب,,,East
185,10000,44,شرق,36.0,6.0,East
186,80000,113,شمال,40.0,5.0,East
187,290000,630,شمال,30.0,10.0,East
188,70000,112,غرب,30.0,7.0,East
189,80000,160,جنوب غربي,40.0,3.0,East
190,65000,88,غرب,40.0,4.0,East
191,14000,35,شمال,,,East
192,17000,40,جنوب غربي,30.0,0.0,East
193,15000,45,شمال,35.0,7.0,East
194,10000,35,شمال,,,East
195,18000,50,غرب,,,East
196,100000,400,جنوب,40.0,0.0,East
197,35000,45,شرق,25.0,15.0,East
198,18000,40,شمال,30.0,3.0,East
199,28000,38,شرق,30.0,0.0,East
200,300000,560,شمال,60.0,10.0,East
201,139800,233,شمال,60.0,0.0,East
202,15000,36,جنوب,40.0,8.0,East
203,15000,30,غرب,40.0,9.0,East
204,30000,35,جنوب,,,East
205,300000,1560,غرب,60.0,20.0,East
206,50000,80,شمال,40.0,0.0,East
207,50000,88,شمال,40.0,0.0,East
208,30000,48,شرق,30.0,4.0,East
209,574200,957,شمال,60.0,0.0,East
210,30000,110,جنوب,40.0,22.0,East
211,50000,10,غرب,,,East
212,30000,48,شمال,36.0,0.0,East
213,350000,550,جنوب,60.0,15.0,East
214,65000,132,غرب,,,East
215,35000,40,شرق,40.0,10.0,East
216,100000,160,شمال,37.0,7.0,East
217,70000,96,شرق,35.0,8.0,East
218,7000,36,شمال,30.0,17.0,East
219,10000,32,شمال,40.0,4.0,East
220,50000,75,جنوب,80.0,0.0,East
221,400000,273,جنوب غربي,60.0,20.0,East
222,22000,44,جنوب,,,East
223,180000,680,غرب,40.0,5.0,East
224,40000,80,جنوب,,,East
225,120000,138,شمال شرقي,100.0,0.0,East
226,25000,65,شرق,40.0,15.0,East
227,7000,650,غرب,60.0,25.0,East
228,25000,56,شرق,35.0,9.0,East
229,95000,220,جنوب,,,East
230,350000,160,شمال,30.0,0.0,East
231,27000,110,شرق,30.0,24.0,East
232,30000,98,شمال,36.0,5.0,East
233,250000,500,شمال,40.0,20.0,East
234,44000,75,شمال,,,East
235,26000,72,شرق,,,East
236,55000,80,غرب,,,East
237,18000,48,شمال,50.0,10.0,East
238,55000,290,غرب,40.0,15.0,East
239,200000,170,جنوب,30.0,4.0,East
240,50000,40,جنوب,40.0,3.0,East
241,25000,150,جنوب شرقي,,,East
242,48000,4000,شمال,30.0,24.0,East
243,55000,80,شرق,,,East
244,26000,28,جنوب,30.0,21.0,East
245,70000,112,جنوب,,,East
246,22000,50,شرق,21.0,10.0,East
247,10000,40,غرب,,,East
248,25000,88,غرب,40.0,3.0,East
249,16500,60,شرق,,,East
250,110000,200,شرق,60.0,0.0,East
251,15000,40,شمال,30.0,5.0,East
252,7000,25,شمال غربي,,,East
253,8000,80,غرب,40.0,18.0,East
254,35000,66,جنوب,30.0,6.0,East
255,150000,150,شمال,,,East
256,350000,600,شمال شرقي,36.0,5.0,East
257,25000,55,شرق,30.0,10.0,East
258,249000,166,شمال,100.0,8.0,East
259,75000,250,جنوب,20.0,3.0,East
260,60000,90,شمال,40.0,36.0,East
261,150000,225,جنوب,60.0,10.0,East
262,1800,1320,شرق,,,East
263,75000,250,جنوب,20.0,3.0,East
264,1000,200,غرب,5.0,0.0,East
265,70000,160,غرب,30.0,17.0,East
266,22000,35,شرق,40.0,5.0,East
267,70000,132,جنوب,,,East
268,23000,56,شرق,60.0,10.0,East
269,90000,248,جنوب,30.0,0.0,East
270,32000,110,شمال,30.0,25.0,East
271,14000,30,غرب,,,East
272,300000,165,غرب,61.0,30.0,East
273,15000,47,شمال,30.0,2.0,East
274,50000,16,جنوب,,,East
275,180000,300,غرب,20.0,20.0,East
276,60000,70,جنوب,,,East
277,20000,36,شمال شرقي,35.0,7.0,East
278,35000,70,جنوب,30.0,6.0,East
279,35000,70,جنوب,30.0,9.0,East
280,18000,600,شرق,,,East
281,50000,60,جنوب غربي,,,East
282,25000,56,جنوب شرقي,46.0,0.0,East
283,6000,18,شرق,25.0,30.0,East
284,55000,47,جنوب,40.0,11.0,East
285,80000,120,جنوب,,,East
286,60000,112,غرب,40.0,20.0,East
287,20000,50,شرق,,,East
288,20000,36,شمال شرقي,36.0,8.0,East
289,230000,400,غرب,60.0,3.0,East
290,13000,56,شمال,30.0,0.0,East
291,10000,30,غرب,,,East
292,200000,270,شمال غربي,80.0,7.0,East
293,32000,50,جنوب,40.0,0.0,East
294,650000,875,جنوب,20.0,6.0,East
295,12000,48,جنوب,35.0,7.0,East
296,45000,64,شمال شرقي,60.0,3.0,East
297,180000,270,شمال غربي,80.0,7.0,East
298,1800000,5600,جنوب شرقي,100.0,8.0,East
299,30000,21,شرق,20.0,15.0,East
300,8000,40,شرق,30.0,18.0,East
301,100000,50,غرب,60.0,20.0,East
302,12000,50,جنوب شرقي,40.0,36.0,East
303,14000,32,جنوب,40.0,0.0,East
304,50000,16,شرق,30.0,0.0,East
305,20000,90,شرق,35.0,5.0,East
306,16000,32,شمال,5.0,20.0,East
307,700000,1600,غرب,40.0,0.0,East
308,12000,32,جنوب,40.0,0.0,East
309,40000,78,غرب,40.0,25.0,East
310,6000,30,غرب,,,East
311,60000,50,غرب,,,East
312,26000,60,شرق,,,East
313,13000,40,شمال,,,East
314,16000,40,غرب,,,East
315,100000,114,شمال,40.0,5.0,East
316,250000,250,شمال شرقي,36.0,0.0,East
317,30000,50,غرب,60.0,3.0,East
318,15000,80,جنوب,30.0,3.0,East
319,200000,200,شمال غربي,60.0,8.0,East
320,50000,80,غرب,60.0,10.0,East
321,35000,118,شرق,,,East
322,55000,145,جنوب,30.0,25.0,East
323,80000,112,شمال,40.0,3.0,East
324,75000,188,شمال,30.0,2.0,East
325,2800,100,غرب,61.0,0.0,East
326,15000,45,جنوب,,,East
327,70000,176,شرق,,,East
328,14000,32,شمال,36.0,3.0,East
329,28000,39,جنوب,30.0,2.0,East
330,1800000,5600,جنوب شرقي,100.0,8.0,East
331,50000,16,شرق,30.0,0.0,East
332,2000,48,شرق,40.0,6.0,East
333,16000,40,غرب,,,East
334,100000,114,شمال,40.0,5.0,East
335,250000,300,شمال غربي,40.0,0.0,East
336,15000,30,جنوب,,,East
337,190000,254,غرب,100.0,0.0,East
338,25000,40,شرق,30.0,4.0,East
339,300000,400,شمال شرقي,40.0,0.0,East
340,30000,60,غرب,60.0,5.0,East
341,26000,60,شرق,,,East
342,460800,768,شمال,,,East
343,80000,700,جنوب,30.0,13.0,East
344,200000,200,شمال غربي,60.0,8.0,East
345,18000,38,شمال,30.0,10.0,East
346,40000,60,شمال غربي,30.0,20.0,East
347,18000,14,غرب,30.0,3.0,East
348,12000,200,جنوب,,,East
349,30000,28,غرب,,,East
350,15000,41,شرق,30.0,7.0,East
351,24000,150,جنوب,30.0,20.0,East
352,25000,44,شمال غربي,,,East
353,17000,36,جنوب,30.0,22.0,East
354,6500,30,غرب,31.0,0.0,East
355,40000,78,غرب,40.0,25.0,East
356,45000,72,غرب,60.0,3.0,East
357,25000,40,غرب,60.0,20.0,East
358,800000,1500,شرق,30.0,0.0,East
359,36000,64,غرب,,,East
360,17000,35,شمال,30.0,15.0,East
361,37000,60,جنوب,20.0,10.0,East
362,30000,21,شرق,20.0,15.0,East
363,6000,30,غرب,,,East
364,450000,1410,غرب,60.0,0.0,East
365,300000,400,شمال شرقي,40.0,0.0,East
366,40000,897,شمال,30.0,14.0,East
367,148000,256,شمال,,,East
368,16000,32,شمال,5.0,20.0,East
369,18000,40,شمال,,,East
370,16000,12,غرب,30.0,4.0,East
371,12000,32,شرق,30.0,15.0,East
372,100000,50,غرب,60.0,20.0,East
373,15000,20,شمال,60.0,0.0,East
374,12000,50,جنوب شرقي,40.0,36.0,East
375,700000,1600,غرب,40.0,0.0,East
376,8000,36,شرق,30.0,5.0,East
377,50000,72,جنوب,,,East
378,10000,68,شمال,,,East
379,15000,20,شمال,,,East
380,250000,300,شمال شرقي,40.0,0.0,East
381,50000,72,جنوب,,,East
382,190000,254,غرب,100.0,0.0,East
383,450000,1410,غرب,60.0,0.0,East
384,6500,30,غرب,31.0,0.0,East
385,12000,40,غرب,31.0,4.0,East
386,148000,256,شمال,,,East
387,24000,150,جنوب,30.0,20.0,East
388,30000,60,جنوب,,,East
389,15000,50,شرق,10.0,16.0,East
390,75000,240,شمال غربي,28.0,5.0,East
391,80000,300,شرق,50.0,6.0,East
392,55000,150,غرب,60.0,2.0,East
393,12000,50,شرق,60.0,30.0,East
394,95000,160,شرق,,,East
395,120000,230,شمال,30.0,20.0,East
396,60000,100,شمال,40.0,0.0,East
397,65000,320,شمال غربي,60.0,15.0,East
398,300000,1500,غرب,30.0,0.0,East
399,15000,47,شمال,30.0,2.0,East
400,8000,28,شرق,40.0,15.0,East
401,15000,48,غرب,,,East
402,25000,120,غرب,30.0,10.0,East
403,60000,62,جنوب,41.0,0.0,East
404,14000,40,غرب,40.0,20.0,East
405,10000,28,غرب,,,East
406,26000,60,شرق,,,East
407,8000,25,غرب,,,East
408,32000,64,شمال,36.0,8.0,East
409,110000,300,جنوب شرقي,60.0,20.0,East
410,80000,743,جنوب,,,East
411,230000,320,جنوب,35.0,35.0,East
412,17000,5,شمال,,,East
413,15000,47,شمال,30.0,2.0,East
414,120000,220,شمال,,,East
415,25000,45,شمال,40.0,0.0,East
416,300000,1500,غرب,30.0,0.0,East
417,182500,250,شمال غربي,100.0,3.0,East
418,35000,60,جنوب شرقي,,,East
419,65000,120,جنوب,,,East
420,65000,320,شمال غربي,60.0,15.0,East
421,15000,80,شمال,,,East
422,20000,880,شمال شرقي,35.0,9.0,East
423,120000,230,شمال,30.0,20.0,East
424,1500,500,جنوب شرقي,60.0,0.0,East
425,800000,1125,3 شوارع,,,East
426,10000,40,شرق,,,East
427,33000,84,جنوب,30.0,27.0,East
428,60000,100,شمال,40.0,0.0,East
429,75000,98,شمال,30.0,8.0,East
430,45000,116,شرق,30.0,4.0,East
431,75000,128,جنوب,,,East
432,40000,60,جنوب,100.0,0.0,East
433,25000,48,شرق,36.0,2.0,East
434,23000,56,شرق,61.0,9.0,East
435,8000,30,شرق,20.0,35.0,East
436,10000,25,شرق,30.0,17.0,East
437,25000,72,غرب,30.0,18.0,East
438,70000,64,شرق,40.0,20.0,East
439,103600,74,شمال,80.0,5.0,East
440,20000,32,شرق,,,East
441,19000,60,شمال غربي,40.0,31.0,East
442,140000,336,شمال,50.0,15.0,East
443,8000,15,غرب,60.0,14.0,East
444,70000,70,شمال غربي,20.0,0.0,East
445,8000,30,شرق,20.0,35.0,East
446,16000,32,شمال,40.0,7.0,East
447,25000,48,شرق,36.0,2.0,East
448,103600,74,شمال,80.0,5.0,East
449,30000,40,شمال,35.0,5.0,East
450,22000,35,غرب,36.0,12.0,East
451,42000,60,غرب,60.0,13.0,East
452,250000,200,شرق,,,East
453,150000,233,شرق,,,East
454,35000,56,شرق,,,East
455,13000,40,شمال,,,East
456,55000,8,جنوب,30.0,15.0,East
457,25000,72,غرب,30.0,18.0,East
458,250000,1000,شرق,40.0,0.0,East
459,30000,80,شرق,40.0,2.0,East
