,Unnamed: 0,Unnamed: 0.1,shoptitle,prices,areaa,links,front,street_width,age
0,0,0,محل للإيجار في طريق الأمير تركي بن عبدالعزيز الأول ، حي حطين ، الرياض ، الرياض,"600,000 ريال",250 م²,/محلات-للإيجار/الرياض/شمال-الرياض/حي-حطين/طريق-الأمير-تركي-بن-عبدالعزيز-الأول-حي-حطين-الرياض-الرياض-3075931,شرق,,
1,1,1,محل للإيجار في الرياض,"15,000 ريال",52 م²,/محلات-للإيجار/الرياض/شمال-الرياض/حي-العارض/الرياض-1450965,غرب,30 م,جديد
2,2,2,محل للإيجار في طريق ابي بكر الصديق ، حي النرجس ، الرياض,"60,000 ريال",200 م²,/محلات-للإيجار/الرياض/شمال-الرياض/حي-النرجس/طريق-ابي-بكر-الصديق-حي-النرجس-الرياض-289463,غرب,60 م,جديد
3,3,3,محل للإيجار في حي العارض ، الرياض ، الرياض,"40,000 ريال",80 م²,/محلات-للإيجار/الرياض/شمال-الرياض/حي-العارض/حي-العارض-الرياض-الرياض-2314933,غرب,30 م,جديد
4,4,4,محل للإيجار في الرياض,"20,000 ريال",80 م²,/محلات-للإيجار/الرياض/شمال-الرياض/حي-العارض/الرياض-1451002,جنوب,30 م, 5 سنة
5,5,5,محل للإيجار في الرياض,"35,000 ريال",36 م²,/محلات-للإيجار/الرياض/شمال-الرياض/حي-العارض/الرياض-1450972,غرب,30 م,جديد
6,6,6,محل للإيجار في شارع التخصصي ، حي العليا ، الرياض ، الرياض,"350,000 ريال",222 م²,/محلات-للإيجار/الرياض/شمال-الرياض/حي-العليا/شارع-التخصصي-حي-العليا-الرياض-الرياض-2811141,غرب,,
7,7,7,محل للإيجار في شارع ذؤيب بن حبيب ، حي النزهة ، الرياض ، الرياض,"1,300 ريال",350 م²,/محلات-للإيجار/الرياض/شمال-الرياض/حي-النزهة/شارع-ذؤيب-بن-حبيب-حي-النزهة-الرياض-الرياض-2765284,جنوب,80 م,جديد
8,8,8,محل للإيجار في شارع الأمير مساعد بن عبدالعزيز ، حي السليمانية ، الرياض ، الرياض,"130,000 ريال",170 م²,/محلات-للإيجار/الرياض/شمال-الرياض/حي-السليمانية/شارع-الأمير-مساعد-بن-عبدالعزيز-حي-السليمانية-الرياض-الرياض-2701119,غرب,30 م, 15 سنة
9,9,9,محل للإيجار في طريق الملك عبدالعزيز ، حي العارض ، الرياض ، الرياض,"20,000 ريال",50 م²,/محلات-للإيجار/الرياض/شمال-الرياض/حي-العارض/طريق-الملك-عبدالعزيز-حي-العارض-الرياض-الرياض-2605913,جنوب غربي,30 م,جديد
10,10,10,محل للإيجار في شارع ابي بكر الصديق ، حي الواحة ، الرياض ، الرياض,"200,000 ريال",160 م²,/محلات-للإيجار/الرياض/شمال-الرياض/حي-الواحة/شارع-ابي-بكر-الصديق-حي-الواحة-الرياض-الرياض-2836237,غرب,60 م, 20 سنة
11,11,11,محل للإيجار في حي ، شارع الشيخ عبدالله بن جبرين ، حي القيروان ، الرياض ، الرياض,"100,000 ريال",76 م²,/محلات-للإيجار/الرياض/شمال-الرياض/حي-القيروان/حي-شارع-الشيخ-عبدالله-بن-جبرين-حي-القيروان-الرياض-الرياض-2853998,غرب,36 م,جديد
12,12,12,محل للإيجار في حي الياسمين ، الرياض ، الرياض,"228,750 ريال",305 م²,/محلات-للإيجار/الرياض/شمال-الرياض/حي-النرجس/حي-الياسمين-الرياض-الرياض-2481049,شرق,60 م,جديد
13,13,13,محل للإيجار في طريق أنس ابن مالك ، حي النرجس ، الرياض,"95,000 ريال",120 م²,/محلات-للإيجار/الرياض/شمال-الرياض/حي-النرجس/طريق-أنس-ابن-مالك-حي-النرجس-الرياض-2975628,جنوب,60 م,جديد
14,14,14,محل للإيجار في حي الياسمين ، الرياض ، الرياض,"310,000 ريال",333 م²,/محلات-للإيجار/الرياض/شمال-الرياض/حي-الياسمين/حي-الياسمين-الرياض-الرياض-2378468,جنوب,100 م,جديد
15,15,15,محل للإيجار في طريق الملك فهد ، حي العليا ، الرياض ، الرياض,"750,000 ريال",500 م²,/محلات-للإيجار/الرياض/شمال-الرياض/حي-العليا/طريق-الملك-فهد-حي-العليا-الرياض-الرياض-2025335,4 شوارع,100 م,جديد
16,16,16,"محل للإيجار في شارع العليا, السليمانية, الرياض","1,760,000 ريال",2200 م²,/محلات-للإيجار/الرياض/شمال-الرياض/حي-العليا/شارع-العليا-السليمانية-الرياض-1056983,غرب,40 م,جديد
17,17,17,محل للإيجار في طريق ابي بكر الصديق ، حي النرجس ، الرياض ، الرياض,"270,000 ريال",500 م²,/محلات-للإيجار/الرياض/شمال-الرياض/حي-العارض/طريق-ابي-بكر-الصديق-حي-النرجس-الرياض-الرياض-2358251,شرق,31 م, 5 سنة
18,18,18,محل للإيجار في حي القيروان ، الرياض ، الرياض,"80,000 ريال",48 م²,/محلات-للإيجار/الرياض/شمال-الرياض/حي-القيروان/حي-القيروان-الرياض-الرياض-2812998,شمال,36 م, 3 سنة
19,19,19,محل للإيجار في طريق الملك عبدالعزيز ، حي النفل ، الرياض ، الرياض,"380,000 ريال",420 م²,/محلات-للإيجار/الرياض/شمال-الرياض/حي-النفل/طريق-الملك-عبدالعزيز-حي-النفل-الرياض-الرياض-1997425,غرب,60 م, 2 سنة
20,20,20,"محل للإيجار في طريق الملك عبدالعزيز, النفل, الرياض","313,000 ريال",417 م²,/محلات-للإيجار/الرياض/شمال-الرياض/حي-النفل/طريق-الملك-عبدالعزيز-النفل-الرياض-1040509,غرب,60 م, 2 سنة
21,21,21,محل للإيجار في شارع اسماء بنت مالك ، حي العارض ، الرياض ، الرياض,"270,000 ريال",4500 م²,/محلات-للإيجار/الرياض/شمال-الرياض/حي-العارض/شارع-اسماء-بنت-مالك-حي-العارض-الرياض-الرياض-3698668,جنوب,30 م,جديد
22,22,22,محل للإيجار في شارع انس ابن مالك ، حي الصحافة ، الرياض ، الرياض,"332,000 ريال",332 م²,/محلات-للإيجار/الرياض/شمال-الرياض/حي-الصحافة/شارع-انس-ابن-مالك-حي-الصحافة-الرياض-الرياض-2742311,شمال,60 م,جديد
23,23,23,محل للإيجار في شارع رقم 419 ، حي النرجس ، الرياض ، الرياض,"750,000 ريال",900 م²,/محلات-للإيجار/الرياض/شمال-الرياض/حي-النرجس/شارع-رقم-419-حي-النرجس-الرياض-الرياض-2836085,جنوب غربي,60 م, 5 سنة
24,24,24,محل للإيجار في طريق الملك فهد الفرعي ، حي الملقا ، الرياض ، الرياض,"350,000 ريال",300 م²,/محلات-للإيجار/الرياض/شمال-الرياض/حي-الملقا/طريق-الملك-فهد-الفرعي-حي-الملقا-الرياض-الرياض-2414078,شرق,,
25,25,25,محل للإيجار في حي الياسمين ، الرياض,"900,000 ريال",1251 م²,/محلات-للإيجار/الرياض/شمال-الرياض/حي-النرجس/حي-الياسمين-الرياض-1791848,جنوب شرقي,60 م,جديد
26,26,26,محل للإيجار في طريق مكة المكرمة الفرعي ، حي السليمانية ، الرياض,"345,600 ريال",432 م²,/محلات-للإيجار/الرياض/شمال-الرياض/حي-السليمانية/طريق-مكة-المكرمة-الفرعي-حي-السليمانية-الرياض-1332477,شمال,,
27,27,27,محل للإيجار في حي العارض ، الرياض ، الرياض,"55,000 ريال",100 م²,/محلات-للإيجار/الرياض/شمال-الرياض/حي-العارض/حي-العارض-الرياض-الرياض-2430083,شمال غربي,30 م,جديد
28,28,28,محل للإيجار في طريق الملك عبدالعزيز ، حي النفل ، الرياض ، الرياض,"450,000 ريال",500 م²,/محلات-للإيجار/الرياض/شمال-الرياض/حي-النفل/طريق-الملك-عبدالعزيز-حي-النفل-الرياض-الرياض-2934648,غرب,60 م, 5 سنة
29,29,29,محل للإيجار في الرياض ، حي العليا ، الرياض,"400,000 ريال",533 م²,/محلات-للإيجار/الرياض/شمال-الرياض/حي-العليا/الرياض-حي-العليا-الرياض-2077647,شمال,80 م, 13 سنة
30,30,30,محل للإيجار في شارع ام الفخر ، حي العليا ، الرياض ، الرياض,"25,000 ريال",20 م²,/محلات-للإيجار/الرياض/شمال-الرياض/حي-العليا/شارع-ام-الفخر-حي-العليا-الرياض-الرياض-3077233,شرق,,
31,31,31,محل للإيجار في طريق الامير محمد بن عبدالعزيز الفرعي ، حي العليا ، الرياض,"1,200,000 ريال",1650 م²,/محلات-للإيجار/الرياض/شمال-الرياض/حي-العليا/طريق-الامير-محمد-بن-عبدالعزيز-الفرعي-حي-العليا-الرياض-1346064,شمال,60 م, 30 سنة
32,32,32,محل للإيجار في شارع الامير ناصر بن فرحان ، حي صلاح الدين ، الرياض ، الرياض,"90,000 ريال",90 م²,/محلات-للإيجار/الرياض/شمال-الرياض/حي-صلاح-الدين/شارع-الامير-ناصر-بن-فرحان-حي-صلاح-الدين-الرياض-الرياض-2874874,شرق,,
33,33,33,"محل للإيجار في الياسمين, الرياض","300,000 ريال",333 م²,/محلات-للإيجار/الرياض/شمال-الرياض/حي-الياسمين/الياسمين-الرياض-502824,جنوب,60 م,جديد
34,34,34,محل للإيجار في طريق الأمير فيصل بن بندر بن عبدالعزيز ، الرياض,"25,000 ريال",45 م²,/محلات-للإيجار/الرياض/شمال-الرياض/حي-النرجس/طريق-الأمير-فيصل-بن-بندر-بن-عبدالعزيز-الرياض-1410017,شرق,30 م,جديد
35,35,35,محل للإيجار في حي الياسمين ، الرياض ، الرياض,"293,000 ريال",326 م²,/محلات-للإيجار/الرياض/شمال-الرياض/حي-الياسمين/حي-الياسمين-الرياض-الرياض-2260559,غرب,80 م,جديد
36,36,36,محل للإيجار في شارع الامير ممدوح بن عبدالعزيز ، حي السليمانية ، الرياض ، الرياض,"250,000 ريال",250 م²,/محلات-للإيجار/الرياض/شمال-الرياض/حي-السليمانية/شارع-الامير-ممدوح-بن-عبدالعزيز-حي-السليمانية-الرياض-الرياض-2878353,جنوب,,
37,37,37,محل للإيجار في طريق أنس ابن مالك ، حي النرجس ، الرياض ، الرياض,"397,500 ريال",265 م²,/محلات-للإيجار/الرياض/شمال-الرياض/حي-النرجس/طريق-أنس-ابن-مالك-حي-النرجس-الرياض-الرياض-2112585,جنوب,60 م,جديد
38,38,38,محل للإيجار في طريق الملك عبدالله الفرعي ، حي الملك فهد ، الرياض ، الرياض,"200,000 ريال",100 م²,/محلات-للإيجار/الرياض/شمال-الرياض/حي-الملك-فهد/طريق-الملك-عبدالله-الفرعي-حي-الملك-فهد-الرياض-الرياض-3009935,جنوب,10 م, 20 سنة
39,39,39,محل للإيجار في حي العارض ، الرياض ، الرياض,"20,000 ريال",32 م²,/محلات-للإيجار/الرياض/شمال-الرياض/حي-العارض/حي-العارض-الرياض-الرياض-2992658,غرب,30 م,جديد
40,40,40,محل للإيجار في شارع أبي سفيان بن حرب ، حي النزهة ، الرياض ، الرياض,"301,200 ريال",301 م²,/محلات-للإيجار/الرياض/شمال-الرياض/حي-النزهة/شارع-أبي-سفيان-بن-حرب-حي-النزهة-الرياض-الرياض-2950399,3 شوارع,,
41,41,41,"محل للإيجار في طريق الامام سعود بن عبدالعزيز بن محمد الفرعي, الملك فهد, الرياض","189,000 ريال",270 م²,/محلات-للإيجار/الرياض/شمال-الرياض/حي-الملك-فهد/طريق-الامام-سعود-بن-عبدالعزيز-بن-محمد-الفرعي-الملك-فهد-الرياض-902450,شمال,60 م, 2 سنة
42,42,42,محل للإيجار في شارع ابراهيم اليزيدي ، حي العقيق ، الرياض ، الرياض,"100,000 ريال",105 م²,/محلات-للإيجار/الرياض/شمال-الرياض/حي-العقيق/شارع-ابراهيم-اليزيدي-حي-العقيق-الرياض-الرياض-2355062,شرق,35 م, 20 سنة
43,43,43,"محل للإيجار في طريق الملك عبدالله الفرعي, الورود, الرياض","1,000,000 ريال",1100 م²,/محلات-للإيجار/الرياض/شمال-الرياض/حي-الورود/طريق-الملك-عبدالله-الفرعي-الورود-الرياض-467199,شمال,80 م, 10 سنة
44,44,44,"محل للإيجار في طريق الملك عبدالله الفرعي, الورود, الرياض","750,000 ريال",1100 م²,/محلات-للإيجار/الرياض/شمال-الرياض/حي-الورود/طريق-الملك-عبدالله-الفرعي-الورود-الرياض-1082766,شمال,80 م, 14 سنة
45,45,45,"محل للإيجار في طريق الامام سعود بن عبدالعزيز بن محمد, الملك فهد, الرياض","220,000 ريال",310 م²,/محلات-للإيجار/الرياض/شمال-الرياض/حي-الملك-فهد/طريق-الامام-سعود-بن-عبدالعزيز-بن-محمد-الملك-فهد-الرياض-125523,شمال,80 م,جديد
46,46,46,محل للإيجار في الطريق الدائري الشمالي الفرعي ، حي النخيل ، الرياض ، الرياض,"550,000 ريال",222 م²,/محلات-للإيجار/الرياض/شمال-الرياض/حي-النخيل/الطريق-الدائري-الشمالي-الفرعي-حي-النخيل-الرياض-الرياض-2731144,شمال,60 م,جديد
47,47,47,محل للإيجار في شارع الحارث بن سليل ، حي العارض ، الرياض ، الرياض,"17,000 ريال",52 م²,/محلات-للإيجار/الرياض/شمال-الرياض/حي-العارض/شارع-الحارث-بن-سليل-حي-العارض-الرياض-الرياض-3611360,جنوب,34 م, 6 سنة
48,48,48,محل للإيجار في الطريق الدائري الشمالي الفرعي ، حي التعاون ، الرياض ، الرياض,"450,000 ريال",450 م²,/محلات-للإيجار/الرياض/شمال-الرياض/حي-التعاون/الطريق-الدائري-الشمالي-الفرعي-حي-التعاون-الرياض-الرياض-3719122,شمال,100 م, 2 سنة
49,49,49,محل للإيجار في شارع ابي بكر الصديق الفرعي ، حي المصيف ، الرياض ، الرياض,"80,000 ريال",100 م²,/محلات-للإيجار/الرياض/شمال-الرياض/حي-المصيف/شارع-ابي-بكر-الصديق-الفرعي-حي-المصيف-الرياض-الرياض-3755187,شرق,60 م, 8 سنة
50,50,50,محل للإيجار في طريق الملك عبدالله ، حي الرحمانية ، الرياض ، الرياض,"126,000 ريال",160 م²,/محلات-للإيجار/الرياض/شمال-الرياض/حي-الرحمانية/طريق-الملك-عبدالله-حي-الرحمانية-الرياض-الرياض-3549025,شمال,,
51,51,51,محل للإيجار في طريق ابي بكر الصديق ، حي النرجس ، الرياض ، الرياض,"60,000 ريال",175 م²,/محلات-للإيجار/الرياض/شمال-الرياض/حي-العارض/طريق-ابي-بكر-الصديق-حي-النرجس-الرياض-الرياض-3525159,غرب,,
52,52,52,محل للإيجار في حي ، شارع الامير سلمان بن محمد بن سعود ، حي الصحافة ، الرياض ، الرياض,"45,000 ريال",42 م²,/محلات-للإيجار/الرياض/شمال-الرياض/حي-الصحافة/حي-شارع-الامير-سلمان-بن-محمد-بن-سعود-حي-الصحافة-الرياض-الرياض-3765699,شرق,40 م,جديد
53,53,53,محل للإيجار في شارع محمد الجرواني ، حي العارض ، الرياض ، الرياض,"30,000 ريال",70 م²,/محلات-للإيجار/الرياض/شمال-الرياض/حي-العارض/شارع-محمد-الجرواني-حي-العارض-الرياض-الرياض-3710473,جنوب,36 م,جديد
54,54,54,محل للإيجار في شارع العليا ، حي المروج ، الرياض ، الرياض,"240,000 ريال",120 م²,/محلات-للإيجار/الرياض/شمال-الرياض/حي-المروج/شارع-العليا-حي-المروج-الرياض-الرياض-2718551,غرب,40 م,جديد
55,55,55,محل للإيجار في حي ، شارع الامير سلمان بن محمد بن سعود ، حي الصحافة ، الرياض ، الرياض,"228,000 ريال",228 م²,/محلات-للإيجار/الرياض/شمال-الرياض/حي-الصحافة/حي-شارع-الامير-سلمان-بن-محمد-بن-سعود-حي-الصحافة-الرياض-الرياض-3765694,شرق,40 م,جديد
56,56,56,محل للإيجار في حي العارض ، الرياض ، الرياض,"120,000 ريال",12 م²,/محلات-للإيجار/الرياض/شمال-الرياض/حي-العارض/حي-العارض-الرياض-الرياض-3673627,جنوب,,
57,57,57,محل للإيجار في شارع الامير سلمان بن محمد بن سعود ، حي الصحافة ، الرياض ، الرياض,"76,000 ريال",76 م²,/محلات-للإيجار/الرياض/شمال-الرياض/حي-الصحافة/شارع-الامير-سلمان-بن-محمد-بن-سعود-حي-الصحافة-الرياض-الرياض-3765679,شرق,40 م,جديد
58,58,58,محل للإيجار في سدوس ، الدرعية,"6,000 ريال",36 م²,/محلات-للإيجار/الرياض/شمال-الرياض/حي-بنبان/سدوس-الدرعية-3162760,غرب,30 م, 10 سنة
59,59,59,محل للإيجار في شارع العليا ، حي الملك فهد ، الرياض ، الرياض,"603,250 ريال",635 م²,/محلات-للإيجار/الرياض/شمال-الرياض/حي-الملك-فهد/شارع-العليا-حي-الملك-فهد-الرياض-الرياض-1977967,شرق,60 م, 8 سنة
60,60,60,محل للإيجار في شارع العليا ، حي المروج ، الرياض ، الرياض,"240,000 ريال",120 م²,/محلات-للإيجار/الرياض/شمال-الرياض/حي-المروج/شارع-العليا-حي-المروج-الرياض-الرياض-2718551,غرب,40 م,جديد
61,61,61,محل للإيجار في حي ، شارع الامير سلمان بن محمد بن سعود ، حي الصحافة ، الرياض ، الرياض,"45,000 ريال",42 م²,/محلات-للإيجار/الرياض/شمال-الرياض/حي-الصحافة/حي-شارع-الامير-سلمان-بن-محمد-بن-سعود-حي-الصحافة-الرياض-الرياض-3765699,شرق,40 م,جديد
62,62,62,محل للإيجار في شارع التخصصي ، حي العليا ، الرياض ، الرياض,"2,800,000 ريال",1800 م²,/محلات-للإيجار/الرياض/شمال-الرياض/حي-العليا/شارع-التخصصي-حي-العليا-الرياض-الرياض-3730717,جنوب,30 م,جديد
63,63,63,محل للإيجار في شارع التخصصي ، حي العليا ، الرياض ، الرياض,"350,000 ريال",222 م²,/محلات-للإيجار/الرياض/شمال-الرياض/حي-العليا/شارع-التخصصي-حي-العليا-الرياض-الرياض-2820787,غرب,,
64,64,64,محل للإيجار في حي ، طريق الملك سلمان بن عبدالعزيز ، حي القيروان ، الرياض ، الرياض,"252,000 ريال",140 م²,/محلات-للإيجار/الرياض/شمال-الرياض/حي-القيروان/حي-طريق-الملك-سلمان-بن-عبدالعزيز-حي-القيروان-الرياض-الرياض-3763530,جنوب,100 م,جديد
65,65,65,محل للإيجار في حي ، طريق البحر الأحمر ، حي النفل ، الرياض ، الرياض,"35,000 ريال",24 م²,/محلات-للإيجار/الرياض/شمال-الرياض/حي-النفل/حي-طريق-البحر-الأحمر-حي-النفل-الرياض-الرياض-3211973,شمال,30 م, 10 سنة
66,66,66,محل للإيجار في شارع زهير بن ابي سلمى ، حي المصيف ، الرياض ، الرياض,"20,000 ريال",30 م²,/محلات-للإيجار/الرياض/شمال-الرياض/حي-المصيف/شارع-زهير-بن-ابي-سلمى-حي-المصيف-الرياض-الرياض-3727571,شرق,,
67,67,67,محل للإيجار في حي الملك فهد ، الرياض ، الرياض,"120,000 ريال",150 م²,/محلات-للإيجار/الرياض/شمال-الرياض/حي-الملك-فهد/حي-الملك-فهد-الرياض-الرياض-3640712,شمال,36 م, 21 سنة
68,68,68,محل للإيجار في حي ، شارع ثعلبه بن سعد الخزرجي ، حي العارض ، الرياض ، الرياض,"58,000 ريال",74 م²,/محلات-للإيجار/الرياض/شمال-الرياض/حي-العارض/حي-شارع-ثعلبه-بن-سعد-الخزرجي-حي-العارض-الرياض-الرياض-3571105,شمال,30 م,جديد
69,69,69,محل للإيجار في شارع ابي بكر الصديق الفرعي ، حي المرسلات ، الرياض ، الرياض,"210,000 ريال",210 م²,/محلات-للإيجار/الرياض/شمال-الرياض/حي-المرسلات/شارع-ابي-بكر-الصديق-الفرعي-حي-المرسلات-الرياض-الرياض-3609728,شرق,60 م, 15 سنة
70,70,70,محل للإيجار في حي ، شارع عقيل عطاس ، حي العارض ، الرياض ، الرياض,"18,000 ريال",40 م²,/محلات-للإيجار/الرياض/شمال-الرياض/حي-العارض/حي-شارع-عقيل-عطاس-حي-العارض-الرياض-الرياض-3637373,جنوب,,
71,71,71,محل للإيجار في حي العارض ، الرياض ، الرياض,"20,000 ريال",40 م²,/محلات-للإيجار/الرياض/شمال-الرياض/حي-العارض/حي-العارض-الرياض-الرياض-2644083,شمال,30 م,جديد
72,72,72,محل للإيجار في طريق الأمير تركي بن عبدالعزيز الأول ، حي حطين ، الرياض ، الرياض,"468,000 ريال",180 م²,/محلات-للإيجار/الرياض/شمال-الرياض/حي-حطين/طريق-الأمير-تركي-بن-عبدالعزيز-الأول-حي-حطين-الرياض-الرياض-3478692,جنوب غربي,60 م,جديد
73,73,73,محل للإيجار في حي القيروان ، الرياض ، الرياض,"65,000 ريال",60 م²,/محلات-للإيجار/الرياض/شمال-الرياض/حي-القيروان/حي-القيروان-الرياض-الرياض-3718760,شمال شرقي,60 م, 4 سنة
74,74,74,محل للإيجار في حي الفلاح ، الرياض ، الرياض,"25,000 ريال",32 م²,/محلات-للإيجار/الرياض/شمال-الرياض/حي-الفلاح/حي-الفلاح-الرياض-الرياض-3680466,جنوب,35 م, 18 سنة
75,75,75,محل للإيجار في شارع الحارث بن سليل ، حي العارض ، الرياض ، الرياض,"20,000 ريال",57 م²,/محلات-للإيجار/الرياض/شمال-الرياض/حي-العارض/شارع-الحارث-بن-سليل-حي-العارض-الرياض-الرياض-3625789,شمال,20 م, 10 سنة
76,76,76,محل للإيجار في شارع موسى بن نصير ، حي العليا ، الرياض ، الرياض,"201,400 ريال",212 م²,/محلات-للإيجار/الرياض/شمال-الرياض/حي-العليا/شارع-موسى-بن-نصير-حي-العليا-الرياض-الرياض-3626688,شمال,41 م, 35 سنة
77,77,77,محل للإيجار في شارع المهندس مساعد العنقري ، حي الورود ، الرياض ، الرياض,"16,000 ريال",48 م²,/محلات-للإيجار/الرياض/شمال-الرياض/حي-الورود/شارع-المهندس-مساعد-العنقري-حي-الورود-الرياض-الرياض-3439585,شرق,,
78,78,78,محل للإيجار في حي ، شارع أحمد بن سعيد بن الهندي ، حي العارض ، الرياض ، الرياض,"20,000 ريال",40 م²,/محلات-للإيجار/الرياض/شمال-الرياض/حي-العارض/حي-شارع-أحمد-بن-سعيد-بن-الهندي-حي-العارض-الرياض-الرياض-3618732,شمال,35 م,جديد
79,79,79,محل للإيجار في حي ، شارع محمد بن علي الحنفي ، حي العارض ، الرياض ، الرياض,"150,000 ريال",1150 م²,/محلات-للإيجار/الرياض/شمال-الرياض/حي-العارض/حي-شارع-محمد-بن-علي-الحنفي-حي-العارض-الرياض-الرياض-3613658,جنوب,60 م,جديد
80,80,80,محل للإيجار في حي القيروان ، الرياض ، الرياض,"65,000 ريال",60 م²,/محلات-للإيجار/الرياض/شمال-الرياض/حي-القيروان/حي-القيروان-الرياض-الرياض-3718760,شمال شرقي,60 م, 4 سنة
81,81,81,محل للإيجار في طريق العروبة ، حي الورود ، الرياض ، الرياض,"70,000 ريال",84 م²,/محلات-للإيجار/الرياض/شمال-الرياض/حي-الورود/طريق-العروبة-حي-الورود-الرياض-الرياض-3289301,جنوب,,
82,82,82,محل للإيجار في طريق الأمير تركي بن عبدالعزيز الأول ، حي حطين ، الرياض ، الرياض,"468,000 ريال",180 م²,/محلات-للإيجار/الرياض/شمال-الرياض/حي-حطين/طريق-الأمير-تركي-بن-عبدالعزيز-الأول-حي-حطين-الرياض-الرياض-3478692,جنوب غربي,60 م,جديد
83,83,83,محل للإيجار في حي الملك فهد ، الرياض ، الرياض,"120,000 ريال",150 م²,/محلات-للإيجار/الرياض/شمال-الرياض/حي-الملك-فهد/حي-الملك-فهد-الرياض-الرياض-3640712,شمال,36 م, 21 سنة
84,84,84,محل للإيجار في شارع جبل الترك ، حي العارض ، الرياض ، الرياض,"135,000 ريال",150 م²,/محلات-للإيجار/الرياض/شمال-الرياض/حي-العارض/شارع-جبل-الترك-حي-العارض-الرياض-الرياض-3613969,جنوب,60 م,جديد
85,85,85,محل للإيجار في طريق الملك عبدالعزيز الفرعي ، حي المروج ، الرياض ، الرياض,"108,000 ريال",150 م²,/محلات-للإيجار/الرياض/شمال-الرياض/حي-المروج/طريق-الملك-عبدالعزيز-الفرعي-حي-المروج-الرياض-الرياض-3592384,شرق,80 م, 10 سنة
86,86,86,محل للإيجار في شارع موسى بن نصير ، حي العليا ، الرياض ، الرياض,"201,400 ريال",212 م²,/محلات-للإيجار/الرياض/شمال-الرياض/حي-العليا/شارع-موسى-بن-نصير-حي-العليا-الرياض-الرياض-3626688,شمال,41 م, 35 سنة
87,87,87,محل للإيجار في حي ، طريق البحر الأحمر ، حي النفل ، الرياض ، الرياض,"35,000 ريال",24 م²,/محلات-للإيجار/الرياض/شمال-الرياض/حي-النفل/حي-طريق-البحر-الأحمر-حي-النفل-الرياض-الرياض-3211973,شمال,30 م, 10 سنة
88,88,88,محل للإيجار في حي ، شارع أحمد بن سعيد بن الهندي ، حي العارض ، الرياض ، الرياض,"20,000 ريال",40 م²,/محلات-للإيجار/الرياض/شمال-الرياض/حي-العارض/حي-شارع-أحمد-بن-سعيد-بن-الهندي-حي-العارض-الرياض-الرياض-3618732,شمال,35 م,جديد
89,89,89,محل للإيجار في طريق الملك عبدالعزيز ، حي العارض ، الرياض ، الرياض,"135,000 ريال",225 م²,/محلات-للإيجار/الرياض/شمال-الرياض/حي-العارض/طريق-الملك-عبدالعزيز-حي-العارض-الرياض-الرياض-3596123,جنوب,60 م,جديد
90,90,90,محل للإيجار في طريق الأمير محمد بن عبدالعزيز ، حي العليا ، الرياض ، الرياض,"400,000 ريال",700 م²,/محلات-للإيجار/الرياض/شمال-الرياض/حي-العليا/طريق-الأمير-محمد-بن-عبدالعزيز-حي-العليا-الرياض-الرياض-3718791,جنوب,40 م, 10 سنة
91,91,91,محل للإيجار في طريق ابي بكر الصديق ، حي العارض ، الرياض ، الرياض,"95,000 ريال",95 م²,/محلات-للإيجار/الرياض/شمال-الرياض/حي-العارض/طريق-ابي-بكر-الصديق-حي-العارض-الرياض-الرياض-3668074,شرق,60 م, 5 سنة
92,92,92,محل للإيجار في شارع الدهناء ، حي الملقا ، الرياض ، الرياض,"40,000 ريال",48 م²,/محلات-للإيجار/الرياض/شمال-الرياض/حي-الملقا/شارع-الدهناء-حي-الملقا-الرياض-الرياض-3756504,شمال,,
93,93,93,محل للإيجار في حي العارض ، الرياض ، الرياض,"20,000 ريال",40 م²,/محلات-للإيجار/الرياض/شمال-الرياض/حي-العارض/حي-العارض-الرياض-الرياض-2644083,شمال,30 م,جديد
94,94,94,محل للإيجار في حي الياسمين ، الرياض ، الرياض,"496,860 ريال",507 م²,/محلات-للإيجار/الرياض/شمال-الرياض/حي-الياسمين/حي-الياسمين-الرياض-الرياض-3680188,جنوب,26 م,جديد
95,95,95,محل للإيجار في الرياض ، حي المرسلات ، الرياض,"50,000 ريال",75 م²,/محلات-للإيجار/الرياض/شمال-الرياض/حي-المرسلات/الرياض-حي-المرسلات-الرياض-3597886,شرق,60 م, 20 سنة
96,96,96,محل للإيجار في طريق العروبة ، حي السليمانية ، الرياض ، الرياض,"180,000 ريال",176 م²,/محلات-للإيجار/الرياض/شمال-الرياض/حي-السليمانية/طريق-العروبة-حي-السليمانية-الرياض-الرياض-3705374,شمال,60 م, 8 سنة
97,97,97,محل للإيجار في حي الملك فهد ، الرياض ، الرياض,"29,000 ريال",45 م²,/محلات-للإيجار/الرياض/شمال-الرياض/حي-الملك-فهد/حي-الملك-فهد-الرياض-الرياض-3652292,غرب,,
98,98,98,محل للإيجار في طريق أنس ابن مالك ، حي النرجس ، الرياض ، الرياض,"45,000 ريال",51 م²,/محلات-للإيجار/الرياض/شمال-الرياض/حي-النرجس/طريق-أنس-ابن-مالك-حي-النرجس-الرياض-الرياض-3562416,جنوب,60 م, 5 سنة
99,99,99,محل للإيجار في حي ، شارع ثعلبه بن سعد الخزرجي ، حي العارض ، الرياض ، الرياض,"58,000 ريال",74 م²,/محلات-للإيجار/الرياض/شمال-الرياض/حي-العارض/حي-شارع-ثعلبه-بن-سعد-الخزرجي-حي-العارض-الرياض-الرياض-3571105,شمال,30 م,جديد
100,100,100,محل للإيجار في طريق ابي بكر الصديق ، حي النرجس ، الرياض ، الرياض,"80,000 ريال",150 م²,/محلات-للإيجار/الرياض/شمال-الرياض/حي-العارض/طريق-ابي-بكر-الصديق-حي-النرجس-الرياض-الرياض-3520736,غرب,60 م,جديد
101,101,101,محل للإيجار في حي السليمانية ، الرياض ، الرياض,"63,000 ريال",42 م²,/محلات-للإيجار/الرياض/شمال-الرياض/حي-السليمانية/حي-السليمانية-الرياض-الرياض-3612691,جنوب,30 م, 20 سنة
102,102,102,محل للإيجار في شارع طارق بن شهاب ، حي العارض ، الرياض ، الرياض,"17,000 ريال",48 م²,/محلات-للإيجار/الرياض/شمال-الرياض/حي-العارض/شارع-طارق-بن-شهاب-حي-العارض-الرياض-الرياض-3565565,شمال,30 م, 3 سنة
103,103,103,محل للإيجار في حي ، طريق الملك عبدالعزيز ، حي صلاح الدين ، الرياض ، الرياض,"200,000 ريال",300 م²,/محلات-للإيجار/الرياض/شمال-الرياض/حي-صلاح-الدين/حي-طريق-الملك-عبدالعزيز-حي-صلاح-الدين-الرياض-الرياض-3757637,غرب,60 م, 15 سنة
104,104,104,محل للإيجار في حي ، شارع ريحانه بنت زيد ، حي العارض ، الرياض ، الرياض,"120,000 ريال",251 م²,/محلات-للإيجار/الرياض/شمال-الرياض/حي-العارض/حي-شارع-ريحانه-بنت-زيد-حي-العارض-الرياض-الرياض-3646266,شمال,80 م, 5 سنة
105,105,105,محل للإيجار في حي الربيع ، الرياض ، الرياض,"500,000 ريال",500 م²,/محلات-للإيجار/الرياض/شمال-الرياض/حي-الربيع/حي-الربيع-الرياض-الرياض-3208509,شرق,60 م, 4 سنة
106,106,106,محل للإيجار في طريق الملك فهد الفرعي ، حي العقيق ، الرياض ، الرياض,"100,000 ريال",50 م²,/محلات-للإيجار/الرياض/شمال-الرياض/حي-العقيق/طريق-الملك-فهد-الفرعي-حي-العقيق-الرياض-الرياض-3714702,شرق,80 م, 15 سنة
107,107,107,محل للإيجار في حي الياسمين ، الرياض ، الرياض,"201,600 ريال",168 م²,/محلات-للإيجار/الرياض/شمال-الرياض/حي-الياسمين/حي-الياسمين-الرياض-الرياض-3710896,جنوب,60 م, 5 سنة
108,108,108,محل للإيجار في الرياض ، حي العارض ، الرياض,"4,072,500 ريال",1629 م²,/محلات-للإيجار/الرياض/شمال-الرياض/حي-العارض/الرياض-حي-العارض-الرياض-3562620,شمال,60 م,جديد
109,109,109,محل للإيجار في حي ، طريق ابي بكر الصديق ، حي العارض ، الرياض ، الرياض,"802,200 ريال",1337 م²,/محلات-للإيجار/الرياض/شمال-الرياض/حي-العارض/حي-طريق-ابي-بكر-الصديق-حي-العارض-الرياض-الرياض-3644622,شرق,,
110,110,110,محل للإيجار في شارع التحلية ، حي العقيق ، الرياض ، الرياض,"40,000 ريال",56 م²,/محلات-للإيجار/الرياض/شمال-الرياض/حي-العقيق/شارع-التحلية-حي-العقيق-الرياض-الرياض-3529537,شمال,30 م, 8 سنة
111,111,111,محل للإيجار في حي الياسمين ، الرياض ، الرياض,"124,000 ريال",130 م²,/محلات-للإيجار/الرياض/شمال-الرياض/حي-النرجس/حي-الياسمين-الرياض-الرياض-3356530,شرق,,
112,112,112,محل للإيجار في الطريق الدائري الشمالي ، حي المصيف ، الرياض ، الرياض,"1,500 ريال",6000 م²,/محلات-للإيجار/الرياض/شمال-الرياض/حي-المصيف/الطريق-الدائري-الشمالي-حي-المصيف-الرياض-الرياض-3424005,3 شوارع,,
113,113,113,محل للإيجار في طريق الملك عبدالعزيز ، حي الغدير ، الرياض ، الرياض,"350,400 ريال",292 م²,/محلات-للإيجار/الرياض/شمال-الرياض/حي-الغدير/طريق-الملك-عبدالعزيز-حي-الغدير-الرياض-الرياض-3562657,شمال,,
114,114,114,محل للإيجار في حي ، شارع محمد بن عبدالعزيز العجاجي ، حي القيروان ، الرياض ، الرياض,"60,000 ريال",80 م²,/محلات-للإيجار/الرياض/شمال-الرياض/حي-القيروان/حي-شارع-محمد-بن-عبدالعزيز-العجاجي-حي-القيروان-الرياض-الرياض-3441860,شمال,35 م,جديد
115,115,115,محل للإيجار في طريق الأمير محمد بن عبدالعزيز ، حي العليا ، الرياض ، الرياض,"680,400 ريال",252 م²,/محلات-للإيجار/الرياض/شمال-الرياض/حي-العليا/طريق-الأمير-محمد-بن-عبدالعزيز-حي-العليا-الرياض-الرياض-3462868,شمال,,
116,116,116,محل للإيجار في حي ، شارع عبدالله بن العاص ، حي العارض ، الرياض ، الرياض,"25,000 ريال",200 م²,/محلات-للإيجار/الرياض/شمال-الرياض/حي-العارض/حي-شارع-عبدالله-بن-العاص-حي-العارض-الرياض-الرياض-3354797,شمال,36 م,جديد
117,117,117,محل للإيجار في حي الياسمين ، الرياض ، الرياض,"100,000 ريال",140 م²,/محلات-للإيجار/الرياض/شمال-الرياض/حي-الياسمين/حي-الياسمين-الرياض-الرياض-3299364,جنوب,60 م, 8 سنة
118,118,118,محل للإيجار في طريق الملك عبدالعزيز ، حي الغدير ، الرياض ، الرياض,"543,000 ريال",362 م²,/محلات-للإيجار/الرياض/شمال-الرياض/حي-الغدير/طريق-الملك-عبدالعزيز-حي-الغدير-الرياض-الرياض-3559386,شرق,60 م, 8 سنة
119,119,119,محل للإيجار في شارع الامير سعود بن محمدبن مقرن ، حي الفلاح ، الرياض ، الرياض,"25,000 ريال",28 م²,/محلات-للإيجار/الرياض/شمال-الرياض/حي-الفلاح/شارع-الامير-سعود-بن-محمدبن-مقرن-حي-الفلاح-الرياض-الرياض-3355243,شمال,20 م, 10 سنة
120,120,120,محل للإيجار في طريق عثمان بن عفان ، حي النرجس ، الرياض ، الرياض,"250,000 ريال",405 م²,/محلات-للإيجار/الرياض/شمال-الرياض/حي-النرجس/طريق-عثمان-بن-عفان-حي-النرجس-الرياض-الرياض-3704301,غرب,60 م, 3 سنة
121,121,121,محل للإيجار في طريق الملك عبدالله ، حي المحمدية ، الرياض ، الرياض,"136,500 ريال",200 م²,/محلات-للإيجار/الرياض/شمال-الرياض/حي-المحمدية/طريق-الملك-عبدالله-حي-المحمدية-الرياض-الرياض-3564893,جنوب,,
122,122,122,محل للإيجار في طريق عثمان بن عفان ، حي النرجس ، الرياض ، الرياض,"55,000 ريال",54 م²,/محلات-للإيجار/الرياض/شمال-الرياض/حي-النرجس/طريق-عثمان-بن-عفان-حي-النرجس-الرياض-الرياض-3609179,غرب,80 م, 7 سنة
123,123,123,محل للإيجار في طريق الملك عبدالله الفرعي ، حي المغرزات ، الرياض ، الرياض,"160,216 ريال",130 م²,/محلات-للإيجار/الرياض/شمال-الرياض/حي-المغرزات/طريق-الملك-عبدالله-الفرعي-حي-المغرزات-الرياض-الرياض-3653545,جنوب,100 م, 5 سنة
124,124,124,محل للإيجار في طريق الملك عبدالعزيز ، حي الربيع ، الرياض ، الرياض,"254,400 ريال",212 م²,/محلات-للإيجار/الرياض/شمال-الرياض/حي-الربيع/طريق-الملك-عبدالعزيز-حي-الربيع-الرياض-الرياض-3212997,غرب,60 م, 9 سنة
125,125,125,محل للإيجار في شارع العليا ، حي العليا ، الرياض ، الرياض,"1,800,000 ريال",1650 م²,/محلات-للإيجار/الرياض/شمال-الرياض/حي-العليا/شارع-العليا-حي-العليا-الرياض-الرياض-3412409,غرب,20 م, 10 سنة
126,126,126,محل للإيجار في طريق الأمير سلطان بن عبدالعزيز ، حي العليا ، الرياض ، الرياض,"27,000 ريال",19 م²,/محلات-للإيجار/الرياض/شمال-الرياض/حي-العليا/طريق-الأمير-سلطان-بن-عبدالعزيز-حي-العليا-الرياض-الرياض-3581376,جنوب,7 م, 14 سنة
127,127,127,محل للإيجار في حي النرجس ، الرياض ، الرياض,"84,000 ريال",98 م²,/محلات-للإيجار/الرياض/شمال-الرياض/حي-النرجس/حي-النرجس-الرياض-الرياض-3663116,غرب,61 م,جديد
128,128,128,محل للإيجار في طريق عثمان بن عفان ، حي النرجس ، الرياض ، الرياض,"600,000 ريال",761 م²,/محلات-للإيجار/الرياض/شمال-الرياض/حي-النرجس/طريق-عثمان-بن-عفان-حي-النرجس-الرياض-الرياض-3650670,غرب,60 م,جديد
129,129,129,محل للإيجار في شارع ابن سينا ، حي المصيف ، الرياض ، الرياض,"25,000 ريال",16 م²,/محلات-للإيجار/الرياض/شمال-الرياض/حي-المصيف/شارع-ابن-سينا-حي-المصيف-الرياض-الرياض-3567424,جنوب,,
130,130,130,محل للإيجار في حي الياسمين ، الرياض ، الرياض,"80,000 ريال",68 م²,/محلات-للإيجار/الرياض/شمال-الرياض/حي-الياسمين/حي-الياسمين-الرياض-الرياض-3583082,جنوب,35 م, 3 سنة
131,131,131,محل للإيجار في شارع الأمير سلطان بن سلمان بن عبدالعزيز ، حي الورود ، الرياض ، الرياض,"100,000 ريال",138 م²,/محلات-للإيجار/الرياض/شمال-الرياض/حي-الورود/شارع-الأمير-سلطان-بن-سلمان-بن-عبدالعزيز-حي-الورود-الرياض-الرياض-3747018,جنوب,36 م, 11 سنة
132,132,132,محل للإيجار في طريق الأمير نايف بن عبدالعزيز ، حي الملك فهد ، الرياض ، الرياض,"150,000 ريال",160 م²,/محلات-للإيجار/الرياض/شمال-الرياض/حي-الملك-فهد/طريق-الأمير-نايف-بن-عبدالعزيز-حي-الملك-فهد-الرياض-الرياض-3596335,شمال,,
133,133,133,محل للإيجار في العيينة ، الدرعية,"16,000 ريال",40 م²,/محلات-للإيجار/الرياض/شمال-الرياض/حي-القيروان/العيينة-الدرعية-3320752,شمال,30 م,جديد
134,134,134,محل للإيجار في طريق الأمير نايف بن عبدالعزيز ، حي الملك فهد ، الرياض ، الرياض,"30,000 ريال",38 م²,/محلات-للإيجار/الرياض/شمال-الرياض/حي-الملك-فهد/طريق-الأمير-نايف-بن-عبدالعزيز-حي-الملك-فهد-الرياض-الرياض-3596203,شمال,,
135,135,135,محل للإيجار في شارع ابي بكر الصديق ، حي الواحة ، الرياض ، الرياض,"180,000 ريال",200 م²,/محلات-للإيجار/الرياض/شمال-الرياض/حي-الواحة/شارع-ابي-بكر-الصديق-حي-الواحة-الرياض-الرياض-3767929,جنوب غربي,60 م, 12 سنة
136,136,136,محل للإيجار في شارع زياد بن صبيح ، حي النرجس ، الرياض ، الرياض,"100,000 ريال",240 م²,/محلات-للإيجار/الرياض/شمال-الرياض/حي-النرجس/شارع-زياد-بن-صبيح-حي-النرجس-الرياض-الرياض-3537219,شمال شرقي,30 م,جديد
137,137,137,محل للإيجار في شارع زهير بن ابي سلمى ، حي المصيف ، الرياض ، الرياض,"12,000 ريال",30 م²,/محلات-للإيجار/الرياض/شمال-الرياض/حي-المصيف/شارع-زهير-بن-ابي-سلمى-حي-المصيف-الرياض-الرياض-3703286,شرق,,
138,138,138,محل للإيجار في شارع الحسين بن علي ، حي المصيف ، الرياض ، الرياض,"120,000 ريال",70 م²,/محلات-للإيجار/الرياض/شمال-الرياض/حي-المصيف/شارع-الحسين-بن-علي-حي-المصيف-الرياض-الرياض-3596679,شمال,,
139,139,139,محل للإيجار في طريق الأمير فيصل بن بندر بن عبدالعزيز ، حي النرجس ، الرياض ، الرياض,"120,000 ريال",175 م²,/محلات-للإيجار/الرياض/شمال-الرياض/حي-النرجس/طريق-الأمير-فيصل-بن-بندر-بن-عبدالعزيز-حي-النرجس-الرياض-الرياض-3537079,3 شوارع,,
140,140,140,محل للإيجار في طريق الملك عبدالعزيز ، حي المصيف ، الرياض ، الرياض,"75,000 ريال",80 م²,/محلات-للإيجار/الرياض/شمال-الرياض/حي-المصيف/طريق-الملك-عبدالعزيز-حي-المصيف-الرياض-الرياض-3756159,غرب,,
141,141,141,محل للإيجار في شارع الحسين بن علي ، حي المصيف ، الرياض ، الرياض,"120,000 ريال",70 م²,/محلات-للإيجار/الرياض/شمال-الرياض/حي-المصيف/شارع-الحسين-بن-علي-حي-المصيف-الرياض-الرياض-3596679,شمال,,
142,142,142,محل للإيجار في شارع الأمير سلطان بن سلمان بن عبدالعزيز ، حي الورود ، الرياض ، الرياض,"100,000 ريال",138 م²,/محلات-للإيجار/الرياض/شمال-الرياض/حي-الورود/شارع-الأمير-سلطان-بن-سلمان-بن-عبدالعزيز-حي-الورود-الرياض-الرياض-3747018,جنوب,36 م, 11 سنة
143,143,143,محل للإيجار في شارع زياد بن صبيح ، حي النرجس ، الرياض ، الرياض,"100,000 ريال",240 م²,/محلات-للإيجار/الرياض/شمال-الرياض/حي-النرجس/شارع-زياد-بن-صبيح-حي-النرجس-الرياض-الرياض-3537219,شمال شرقي,30 م,جديد
144,144,144,محل للإيجار في طريق الأمير فيصل بن بندر بن عبدالعزيز ، حي النرجس ، الرياض ، الرياض,"120,000 ريال",175 م²,/محلات-للإيجار/الرياض/شمال-الرياض/حي-النرجس/طريق-الأمير-فيصل-بن-بندر-بن-عبدالعزيز-حي-النرجس-الرياض-الرياض-3537079,3 شوارع,,
145,145,145,محل للإيجار في طريق الأمير نايف بن عبدالعزيز ، حي الملك فهد ، الرياض ، الرياض,"30,000 ريال",38 م²,/محلات-للإيجار/الرياض/شمال-الرياض/حي-الملك-فهد/طريق-الأمير-نايف-بن-عبدالعزيز-حي-الملك-فهد-الرياض-الرياض-3596203,شمال,,
146,146,146,محل للإيجار في شارع ابي بكر الرازي ، حي السليمانية ، الرياض,"60,000 ريال",50 م²,/محلات-للإيجار/الرياض/شمال-الرياض/حي-السليمانية/شارع-ابي-بكر-الرازي-حي-السليمانية-الرياض-1797055,غرب,30 م, 5 سنة
147,147,147,محل للإيجار في حي ، طريق عثمان بن عفان ، حي المغرزات ، الرياض ، الرياض,"45,000 ريال",36 م²,/محلات-للإيجار/الرياض/شمال-الرياض/حي-المغرزات/حي-طريق-عثمان-بن-عفان-حي-المغرزات-الرياض-الرياض-3302370,غرب,80 م, 18 سنة
148,148,148,محل للإيجار في شارع كعب بن مالك ، حي العليا ، الرياض ، الرياض,"100,000 ريال",250 م²,/محلات-للإيجار/الرياض/شمال-الرياض/حي-العليا/شارع-كعب-بن-مالك-حي-العليا-الرياض-الرياض-3562309,جنوب غربي,20 م,جديد
149,149,149,محل للإيجار في شارع سيف الدين ، حي القيروان ، الرياض ، الرياض,"130,000 ريال",120 م²,/محلات-للإيجار/الرياض/شمال-الرياض/حي-القيروان/شارع-سيف-الدين-حي-القيروان-الرياض-الرياض-3678283,جنوب,60 م,جديد
150,150,150,محل للإيجار في شارع التخصصي ، حي الرحمانية ، الرياض ، الرياض,"796,000 ريال",606 م²,/محلات-للإيجار/الرياض/شمال-الرياض/حي-الرحمانية/شارع-التخصصي-حي-الرحمانية-الرياض-الرياض-3745752,شرق,60 م, 25 سنة
151,151,151,محل للإيجار في شارع الأمير سلطان بن سلمان بن عبدالعزيز ، حي الورود ، الرياض ، الرياض,"250,000 ريال",250 م²,/محلات-للإيجار/الرياض/شمال-الرياض/حي-الورود/شارع-الأمير-سلطان-بن-سلمان-بن-عبدالعزيز-حي-الورود-الرياض-الرياض-3665800,شمال غربي,,
152,152,152,محل للإيجار في حي الياسمين ، الرياض ، الرياض,"1,327,381 ريال",678 م²,/محلات-للإيجار/الرياض/شمال-الرياض/حي-الياسمين/حي-الياسمين-الرياض-الرياض-3426893,غرب,60 م, 2 سنة
153,153,153,محل للإيجار في شارع الامير مشهور بن عبدالعزيز ، حي المرسلات ، الرياض ، الرياض,"25,000 ريال",30 م²,/محلات-للإيجار/الرياض/شمال-الرياض/حي-المرسلات/شارع-الامير-مشهور-بن-عبدالعزيز-حي-المرسلات-الرياض-الرياض-3555474,جنوب,,
154,154,154,محل للإيجار في حي المحمدية ، الرياض ، الرياض,"140,000 ريال",100 م²,/محلات-للإيجار/الرياض/شمال-الرياض/حي-المحمدية/حي-المحمدية-الرياض-الرياض-3535182,غرب,60 م, 10 سنة
155,155,155,محل للإيجار في حي ، طريق الملك عبدالعزيز ، حي العارض ، الرياض ، الرياض,"22,000 ريال",50 م²,/محلات-للإيجار/الرياض/شمال-الرياض/حي-العارض/حي-طريق-الملك-عبدالعزيز-حي-العارض-الرياض-الرياض-3714665,شمال,,
156,156,156,محل للإيجار في طريق الملك عبدالعزيز ، حي المصيف ، الرياض ، الرياض,"40,000 ريال",29 م²,/محلات-للإيجار/الرياض/شمال-الرياض/حي-المصيف/طريق-الملك-عبدالعزيز-حي-المصيف-الرياض-الرياض-3666084,غرب,60 م, 7 سنة
157,157,157,محل للإيجار في حي الياسمين ، الرياض ، الرياض,"350,000 ريال",435 م²,/محلات-للإيجار/الرياض/شمال-الرياض/حي-الياسمين/حي-الياسمين-الرياض-الرياض-3141807,غرب,40 م,جديد
158,158,158,محل للإيجار في شارع ابحر ، حي المعذر الشمالي ، الرياض ، الرياض,"80,000 ريال",103 م²,/محلات-للإيجار/الرياض/شمال-الرياض/حي-المعذر-الشمالي/شارع-ابحر-حي-المعذر-الشمالي-الرياض-الرياض-3738163,شمال,40 م, 18 سنة
159,159,159,محل للإيجار في الرياض ، حي العليا ، الرياض,"120,000 ريال",150 م²,/محلات-للإيجار/الرياض/شمال-الرياض/حي-العليا/الرياض-حي-العليا-الرياض-3504490,جنوب غربي,40 م, 10 سنة
160,160,160,محل للإيجار في حي الفلاح ، الرياض ، الرياض,"35,000 ريال",30 م²,/محلات-للإيجار/الرياض/شمال-الرياض/حي-الفلاح/حي-الفلاح-الرياض-الرياض-3451991,شمال,30 م, 8 سنة
161,161,161,محل للإيجار في طريق مكة المكرمة ، حي الملك عبدالعزيز ، الرياض ، الرياض,"172,500 ريال",190 م²,/محلات-للإيجار/الرياض/شمال-الرياض/حي-السليمانية/طريق-مكة-المكرمة-حي-الملك-عبدالعزيز-الرياض-الرياض-3599136,شرق,60 م, 6 سنة
162,162,162,محل للإيجار في طريق الأمير فيصل بن بندر بن عبدالعزيز ، حي النرجس ، الرياض ، الرياض,"80,000 ريال",152 م²,/محلات-للإيجار/الرياض/شمال-الرياض/حي-النرجس/طريق-الأمير-فيصل-بن-بندر-بن-عبدالعزيز-حي-النرجس-الرياض-الرياض-3738185,شرق,40 م, 4 سنة
163,163,163,محل للإيجار في شارع رقم 427 ، حي الملقا ، الرياض ، الرياض,"400,000 ريال",170 م²,/محلات-للإيجار/الرياض/شمال-الرياض/حي-الملقا/شارع-رقم-427-حي-الملقا-الرياض-الرياض-3738189,شمال,80 م, 2 سنة
164,164,164,محل للإيجار في شارع التخصصي ، حي العليا ، الرياض ، الرياض,"750,000 ريال",1410 م²,/محلات-للإيجار/الرياض/شمال-الرياض/حي-العليا/شارع-التخصصي-حي-العليا-الرياض-الرياض-3270805,شمال غربي,80 م, 15 سنة
165,165,165,محل للإيجار في طريق الأمير محمد بن عبدالعزيز ، حي العليا ، الرياض ، الرياض,"2,550,000 ريال",1700 م²,/محلات-للإيجار/الرياض/شمال-الرياض/حي-العليا/طريق-الأمير-محمد-بن-عبدالعزيز-حي-العليا-الرياض-الرياض-3138791,3 شوارع,60 م,جديد
166,166,166,محل للإيجار في طريق الامام سعود بن فيصل ، حي الملقا ، الرياض ، الرياض,"350,000 ريال",246 م²,/محلات-للإيجار/الرياض/شمال-الرياض/حي-الملقا/طريق-الامام-سعود-بن-فيصل-حي-الملقا-الرياض-الرياض-3615386,جنوب,60 م,جديد
167,167,167,محل للإيجار في طريق الملك عبدالعزيز ، حي النفل ، الرياض ، الرياض,"450,000 ريال",500 م²,/محلات-للإيجار/الرياض/شمال-الرياض/حي-النفل/طريق-الملك-عبدالعزيز-حي-النفل-الرياض-الرياض-3431049,غرب,60 م, 10 سنة
168,168,168,محل للإيجار في حي الياسمين ، الرياض ، الرياض,"1,408,832 ريال",719 م²,/محلات-للإيجار/الرياض/شمال-الرياض/حي-الياسمين/حي-الياسمين-الرياض-الرياض-3426807,غرب,60 م, 2 سنة
169,169,169,محل للإيجار في شارع الخطابة ، حي الفلاح ، الرياض ، الرياض,"29,000 ريال",50 م²,/محلات-للإيجار/الرياض/شمال-الرياض/حي-الفلاح/شارع-الخطابة-حي-الفلاح-الرياض-الرياض-3556644,شرق,80 م, 4 سنة
170,170,170,محل للإيجار في شارع جبل الترك ، حي العارض ، الرياض ، الرياض,"40,000 ريال",48 م²,/محلات-للإيجار/الرياض/شمال-الرياض/حي-العارض/شارع-جبل-الترك-حي-العارض-الرياض-الرياض-3710778,جنوب,60 م, 3 سنة
171,171,171,محل للإيجار في حي الياسمين ، الرياض ، الرياض,"803,497 ريال",410 م²,/محلات-للإيجار/الرياض/شمال-الرياض/حي-الياسمين/حي-الياسمين-الرياض-الرياض-3426882,غرب,60 م, 2 سنة
172,172,172,محل للإيجار في طريق الملك عبدالعزيز الفرعي ، حي المصيف ، الرياض ، الرياض,"38,500 ريال",10 م²,/محلات-للإيجار/الرياض/شمال-الرياض/حي-المصيف/طريق-الملك-عبدالعزيز-الفرعي-حي-المصيف-الرياض-الرياض-3422147,غرب,60 م,جديد
173,173,173,محل للإيجار في شارع علي الظاهري ، حي العارض ، الرياض ، الرياض,"16,000 ريال",36 م²,/محلات-للإيجار/الرياض/شمال-الرياض/حي-العارض/شارع-علي-الظاهري-حي-العارض-الرياض-الرياض-3330072,غرب,30 م,جديد
174,174,174,محل للإيجار في طريق الملك عبدالعزيز ، حي الربيع ، الرياض ، الرياض,"558,000 ريال",531 م²,/محلات-للإيجار/الرياض/شمال-الرياض/حي-الربيع/طريق-الملك-عبدالعزيز-حي-الربيع-الرياض-الرياض-3624720,شرق,61 م, 4 سنة
175,175,175,محل للإيجار في شارع التخصصي ، حي العليا ، الرياض ، الرياض,"200,000 ريال",250 م²,/محلات-للإيجار/الرياض/شمال-الرياض/حي-العليا/شارع-التخصصي-حي-العليا-الرياض-الرياض-3452064,غرب,,
176,176,176,محل للإيجار في حي الياسمين ، الرياض ، الرياض,"50,000 ريال",60 م²,/محلات-للإيجار/الرياض/شمال-الرياض/حي-الياسمين/حي-الياسمين-الرياض-الرياض-3589068,جنوب,60 م,جديد
177,177,177,محل للإيجار في الرياض ، حي العارض ، الرياض,"115,000 ريال",250 م²,/محلات-للإيجار/الرياض/شمال-الرياض/حي-العارض/الرياض-حي-العارض-الرياض-3713614,جنوب,30 م,جديد
178,178,178,محل للإيجار في شارع التخصصي ، حي العليا ، الرياض ، الرياض,"320,000 ريال",300 م²,/محلات-للإيجار/الرياض/شمال-الرياض/حي-العليا/شارع-التخصصي-حي-العليا-الرياض-الرياض-3320439,غرب,40 م, 20 سنة
179,179,179,محل للإيجار في الرياض ، حي الياسمين ، الرياض,"1,893,225 ريال",967 م²,/محلات-للإيجار/الرياض/شمال-الرياض/حي-الياسمين/الرياض-حي-الياسمين-الرياض-3426853,غرب,60 م, 2 سنة
180,180,180,محل للإيجار في شارع الأمير ناصر بن سعود بن فرحان آل سعود ، حي الصحافة ، الرياض ، الرياض,"83,200 ريال",64 م²,/محلات-للإيجار/الرياض/شمال-الرياض/حي-الصحافة/شارع-الأمير-ناصر-بن-سعود-بن-فرحان-آل-سعود-حي-الصحافة-الرياض-الرياض-3601358,جنوب,40 م,جديد
181,181,181,محل للإيجار في طريق الأمير سلطان بن عبدالعزيز ، حي العليا ، الرياض ، الرياض,"250,000 ريال",265 م²,/محلات-للإيجار/الرياض/شمال-الرياض/حي-العليا/طريق-الأمير-سلطان-بن-عبدالعزيز-حي-العليا-الرياض-الرياض-3738240,شمال,40 م, 20 سنة
182,182,182,محل للإيجار في حي ، شارع ابي بكر الصديق ، حي النفل ، الرياض ، الرياض,"200,000 ريال",251 م²,/محلات-للإيجار/الرياض/شمال-الرياض/حي-النفل/حي-شارع-ابي-بكر-الصديق-حي-النفل-الرياض-الرياض-3479885,شرق,60 م, 10 سنة
183,183,183,محل للإيجار في طريق عثمان بن عفان ، حي النرجس ، الرياض ، الرياض,"30,000 ريال",48 م²,/محلات-للإيجار/الرياض/شمال-الرياض/حي-النرجس/طريق-عثمان-بن-عفان-حي-النرجس-الرياض-الرياض-3472853,غرب,,
184,184,184,محل للإيجار في حي الياسمين ، الرياض ، الرياض,"432,250 ريال",455 م²,/محلات-للإيجار/الرياض/شمال-الرياض/حي-الياسمين/حي-الياسمين-الرياض-الرياض-3699091,شرق,,
185,185,185,محل للإيجار في الطريق الدائري الشمالي الفرعي ، حي المصيف ، الرياض ، الرياض,"1,843,000 ريال",878 م²,/محلات-للإيجار/الرياض/شمال-الرياض/حي-المصيف/الطريق-الدائري-الشمالي-الفرعي-حي-المصيف-الرياض-الرياض-3226275,شمال شرقي,100 م,جديد
186,186,186,محل للإيجار في طريق الأمير محمد بن عبدالعزيز ، حي العليا ، الرياض ، الرياض,"340,000 ريال",226 م²,/محلات-للإيجار/الرياض/شمال-الرياض/حي-العليا/طريق-الأمير-محمد-بن-عبدالعزيز-حي-العليا-الرياض-الرياض-3246881,3 شوارع,40 م, 10 سنة
187,187,187,محل للإيجار في طريق عثمان بن عفان ، حي النرجس ، الرياض ، الرياض,"270,000 ريال",380 م²,/محلات-للإيجار/الرياض/شمال-الرياض/حي-النرجس/طريق-عثمان-بن-عفان-حي-النرجس-الرياض-الرياض-3725498,غرب,60 م, 10 سنة
188,188,188,محل للإيجار في شارع اسماء بنت مالك ، حي العارض ، الرياض ، الرياض,"20,000 ريال",55 م²,/محلات-للإيجار/الرياض/شمال-الرياض/حي-العارض/شارع-اسماء-بنت-مالك-حي-العارض-الرياض-الرياض-3622635,جنوب,30 م, 5 سنة
189,189,189,محل للإيجار في شارع ابي بكر الصديق الفرعي ، حي التعاون ، الرياض ، الرياض,"101,304 ريال",184 م²,/محلات-للإيجار/الرياض/شمال-الرياض/حي-التعاون/شارع-ابي-بكر-الصديق-الفرعي-حي-التعاون-الرياض-الرياض-3378835,غرب,60 م, 2 سنة
190,190,190,محل للإيجار في حي ، طريق عثمان بن عفان ، حي المغرزات ، الرياض ، الرياض,"400,000 ريال",400 م²,/محلات-للإيجار/الرياض/شمال-الرياض/حي-المغرزات/حي-طريق-عثمان-بن-عفان-حي-المغرزات-الرياض-الرياض-3617998,جنوب شرقي,40 م, 15 سنة
191,191,191,محل للإيجار في حي الياسمين ، الرياض ، الرياض,"1,009,850 ريال",1063 م²,/محلات-للإيجار/الرياض/شمال-الرياض/حي-الياسمين/حي-الياسمين-الرياض-الرياض-3678335,شرق,60 م,جديد
192,192,192,محل للإيجار في شارع اسماء بنت مالك ، حي العارض ، الرياض ، الرياض,"20,000 ريال",55 م²,/محلات-للإيجار/الرياض/شمال-الرياض/حي-العارض/شارع-اسماء-بنت-مالك-حي-العارض-الرياض-الرياض-3603200,جنوب,30 م, 5 سنة
193,193,193,محل للإيجار في طريق الملك عبدالعزيز ، حي المصيف ، الرياض ، الرياض,"100,000 ريال",70 م²,/محلات-للإيجار/الرياض/شمال-الرياض/حي-المصيف/طريق-الملك-عبدالعزيز-حي-المصيف-الرياض-الرياض-3594038,غرب,,
194,194,194,محل للإيجار في شارع تمير ، حي المروج ، الرياض ، الرياض,"270,000 ريال",494 م²,/محلات-للإيجار/الرياض/شمال-الرياض/حي-المروج/شارع-تمير-حي-المروج-الرياض-الرياض-3427092,شمال,,
195,195,195,محل للإيجار في طريق ابي بكر الصديق ، حي المرسلات ، الرياض ، الرياض,"266,000 ريال",380 م²,/محلات-للإيجار/الرياض/شمال-الرياض/حي-المرسلات/طريق-ابي-بكر-الصديق-حي-المرسلات-الرياض-الرياض-3598173,شرق,20 م, 5 سنة
196,196,196,محل للإيجار في حي جامعة الملك سعود ، الرياض ، الرياض,"400,000 ريال",225 م²,/محلات-للإيجار/الرياض/شمال-الرياض/حي-جامعة-الملك-سعود/حي-جامعة-الملك-سعود-الرياض-الرياض-3620233,شرق,30 م, 2 سنة
197,197,197,محل للإيجار في حي الياسمين ، الرياض ، الرياض,"400,000 ريال",585 م²,/محلات-للإيجار/الرياض/شمال-الرياض/حي-الياسمين/حي-الياسمين-الرياض-الرياض-2932418,غرب,,
198,198,198,محل للإيجار في طريق الأمير محمد بن سلمان بن عبدالعزيز ، حي العقيق ، الرياض ، الرياض,"45,000 ريال",35 م²,/محلات-للإيجار/الرياض/شمال-الرياض/حي-العقيق/طريق-الأمير-محمد-بن-سلمان-بن-عبدالعزيز-حي-العقيق-الرياض-الرياض-2293725,جنوب,30 م, 7 سنة
199,199,199,محل للإيجار في حي القيروان ، الرياض ، الرياض,"22,000 ريال",44 م²,/محلات-للإيجار/الرياض/شمال-الرياض/حي-القيروان/حي-القيروان-الرياض-الرياض-3685617,جنوب,20 م, 3 سنة
200,200,200,محل للإيجار في حي ، شارع ثعلبه بن سعد الخزرجي ، حي العارض ، الرياض ، الرياض,"24,000 ريال",40 م²,/محلات-للإيجار/الرياض/شمال-الرياض/حي-العارض/حي-شارع-ثعلبه-بن-سعد-الخزرجي-حي-العارض-الرياض-الرياض-3546972,شمال,30 م,جديد
201,201,201,محل للإيجار في الرياض ، حي العليا ، الرياض,"450,000 ريال",260 م²,/محلات-للإيجار/الرياض/شمال-الرياض/حي-العليا/الرياض-حي-العليا-الرياض-3620468,شمال,,
202,202,202,محل للإيجار في حي حطين ، الرياض ، الرياض,"836,000 ريال",380 م²,/محلات-للإيجار/الرياض/شمال-الرياض/حي-حطين/حي-حطين-الرياض-الرياض-3518837,غرب,60 م, 4 سنة
203,203,203,محل للإيجار في الرياض ، حي العليا ، الرياض,"1,600 ريال",400 م²,/محلات-للإيجار/الرياض/شمال-الرياض/حي-العليا/الرياض-حي-العليا-الرياض-3617923,شمال,,
204,204,204,محل للإيجار في شارع حائل ، حي النزهة ، الرياض ، الرياض,"30,000 ريال",60 م²,/محلات-للإيجار/الرياض/شمال-الرياض/حي-النزهة/شارع-حائل-حي-النزهة-الرياض-الرياض-3711844,غرب,30 م, 18 سنة
205,205,205,محل للإيجار في طريق الأمير محمد بن عبدالعزيز ، حي العليا ، الرياض ، الرياض,"450,000 ريال",260 م²,/محلات-للإيجار/الرياض/شمال-الرياض/حي-العليا/طريق-الأمير-محمد-بن-عبدالعزيز-حي-العليا-الرياض-الرياض-3614429,شمال,40 م, 10 سنة
206,206,206,محل للإيجار في طريق عثمان بن عفان ، حي الندى ، الرياض ، الرياض,"740,000 ريال",740 م²,/محلات-للإيجار/الرياض/شمال-الرياض/حي-النرجس/طريق-عثمان-بن-عفان-حي-الندى-الرياض-الرياض-3608350,شمال شرقي,5 م, 4 سنة
207,207,207,محل للإيجار في الرياض ، حي العليا ، الرياض,"450,000 ريال",264 م²,/محلات-للإيجار/الرياض/شمال-الرياض/حي-العليا/الرياض-حي-العليا-الرياض-3556393,شمال,40 م, 10 سنة
208,208,208,محل للإيجار في حي ، طريق الملك عبدالعزيز ، حي العارض ، الرياض ، الرياض,"48,000 ريال",150 م²,/محلات-للإيجار/الرياض/شمال-الرياض/حي-العارض/حي-طريق-الملك-عبدالعزيز-حي-العارض-الرياض-الرياض-3376211,شرق,60 م,جديد
209,209,209,محل للإيجار في شارع وادي الشاطئ ، حي الغدير ، الرياض ، الرياض,"443,256 ريال",292 م²,/محلات-للإيجار/الرياض/شمال-الرياض/حي-الغدير/شارع-وادي-الشاطئ-حي-الغدير-الرياض-الرياض-3362699,شرق,40 م, 3 سنة
210,210,210,محل للإيجار في شارع ربعي الذهلي ، حي النرجس ، الرياض ، الرياض,"20,000 ريال",50 م²,/محلات-للإيجار/الرياض/شمال-الرياض/حي-النرجس/شارع-ربعي-الذهلي-حي-النرجس-الرياض-الرياض-3531564,جنوب,,
211,211,211,محل للإيجار في شارع الأمير مساعد بن عبدالعزيز ، حي السليمانية ، الرياض ، الرياض,"1,000 ريال",80 م²,/محلات-للإيجار/الرياض/شمال-الرياض/حي-السليمانية/شارع-الأمير-مساعد-بن-عبدالعزيز-حي-السليمانية-الرياض-الرياض-3215251,شرق,30 م, 15 سنة
212,212,212,محل للإيجار في حي ، طريق الأمير محمد بن سعد بن عبدالعزيز ، حي القيروان ، الرياض ، الرياض,"650,000 ريال",840 م²,/محلات-للإيجار/الرياض/شمال-الرياض/حي-القيروان/حي-طريق-الأمير-محمد-بن-سعد-بن-عبدالعزيز-حي-القيروان-الرياض-الرياض-3693669,جنوب غربي,60 م,جديد
213,213,213,محل للإيجار في حي الياسمين ، الرياض ، الرياض,"800,000 ريال",1000 م²,/محلات-للإيجار/الرياض/شمال-الرياض/حي-الياسمين/حي-الياسمين-الرياض-الرياض-3310411,شرق,60 م,جديد
214,214,214,محل للإيجار في حي ، طريق الملك عبدالعزيز ، حي العارض ، الرياض ، الرياض,"80,000 ريال",100 م²,/محلات-للإيجار/الرياض/شمال-الرياض/حي-العارض/حي-طريق-الملك-عبدالعزيز-حي-العارض-الرياض-الرياض-3221422,غرب,,
215,215,215,محل للإيجار في حي ، شارع ثعلبه بن سعد الخزرجي ، حي العارض ، الرياض ، الرياض,"23,000 ريال",45 م²,/محلات-للإيجار/الرياض/شمال-الرياض/حي-العارض/حي-شارع-ثعلبه-بن-سعد-الخزرجي-حي-العارض-الرياض-الرياض-3425006,جنوب غربي,,
216,216,216,محل للإيجار في طريق الأمير محمد بن سلمان بن عبدالعزيز ، حي الربيع ، الرياض ، الرياض,"1,500,000 ريال",2650 م²,/محلات-للإيجار/الرياض/شمال-الرياض/حي-الربيع/طريق-الأمير-محمد-بن-سلمان-بن-عبدالعزيز-حي-الربيع-الرياض-الرياض-3584222,3 شوارع,,
217,217,217,محل للإيجار في شارع اللؤلؤه ، حي العارض ، الرياض ، الرياض,"27,000 ريال",48 م²,/محلات-للإيجار/الرياض/شمال-الرياض/حي-العارض/شارع-اللؤلؤه-حي-العارض-الرياض-الرياض-3701391,شمال,36 م, 3 سنة
218,218,218,محل للإيجار في حي النفل ، الرياض ، الرياض,"50,000 ريال",40 م²,/محلات-للإيجار/الرياض/شمال-الرياض/حي-النفل/حي-النفل-الرياض-الرياض-3731445,جنوب,29 م, 12 سنة
219,219,219,محل للإيجار في شارع العليا ، حي العليا ، الرياض ، الرياض,"250,000 ريال",300 م²,/محلات-للإيجار/الرياض/شمال-الرياض/حي-العليا/شارع-العليا-حي-العليا-الرياض-الرياض-3615388,3 شوارع,15 م, 15 سنة
220,220,220,محل للإيجار في حي العليا ، الرياض ، الرياض,"845,000 ريال",530 م²,/محلات-للإيجار/الرياض/شمال-الرياض/حي-العليا/حي-العليا-الرياض-الرياض-3519159,شمال,,
221,221,221,محل للإيجار في حي العليا ، الرياض ، الرياض,"1,600,000 ريال",800 م²,/محلات-للإيجار/الرياض/شمال-الرياض/حي-العليا/حي-العليا-الرياض-الرياض-3628095,جنوب,5 م, 11 سنة
222,222,222,محل للإيجار في طريق الأمير محمد بن عبدالعزيز ، حي العليا ، الرياض ، الرياض,"1,600,000 ريال",850 م²,/محلات-للإيجار/الرياض/شمال-الرياض/حي-العليا/طريق-الأمير-محمد-بن-عبدالعزيز-حي-العليا-الرياض-الرياض-3629018,شمال,,
223,223,223,محل للإيجار في حي القيروان ، الرياض ، الرياض,"60,000 ريال",900 م²,/محلات-للإيجار/الرياض/شمال-الرياض/حي-القيروان/حي-القيروان-الرياض-الرياض-3565831,شرق,60 م, 6 سنة
224,224,224,محل للإيجار في شارع الامير مقرن بن عبدالعزيز ، حي النزهة ، الرياض ، الرياض,"100,000 ريال",80 م²,/محلات-للإيجار/الرياض/شمال-الرياض/حي-النزهة/شارع-الامير-مقرن-بن-عبدالعزيز-حي-النزهة-الرياض-الرياض-3462890,جنوب غربي,40 م, 6 سنة
225,225,225,محل للإيجار في حي العليا ، الرياض ، الرياض,"742,000 ريال",530 م²,/محلات-للإيجار/الرياض/شمال-الرياض/حي-العليا/حي-العليا-الرياض-الرياض-3522064,شمال غربي,30 م, 5 سنة
226,226,226,محل للإيجار في طريق الأمير سلطان بن عبدالعزيز ، حي العليا ، الرياض ، الرياض,"160,000 ريال",200 م²,/محلات-للإيجار/الرياض/شمال-الرياض/حي-العليا/طريق-الأمير-سلطان-بن-عبدالعزيز-حي-العليا-الرياض-الرياض-3391167,شمال,30 م, 30 سنة
227,227,227,محل للإيجار في شارع الامير تركي بن عبدالعزيز الثاني ، حي المروج ، الرياض ، الرياض,"70,000 ريال",140 م²,/محلات-للإيجار/الرياض/شمال-الرياض/حي-المروج/شارع-الامير-تركي-بن-عبدالعزيز-الثاني-حي-المروج-الرياض-الرياض-3766565,شمال,5 م,جديد
228,228,228,محل للإيجار في طريق الأمير تركي بن عبدالعزيز الأول ، حي النخيل ، الرياض ، الرياض,"400,000 ريال",225 م²,/محلات-للإيجار/الرياض/شمال-الرياض/حي-النخيل/طريق-الأمير-تركي-بن-عبدالعزيز-الأول-حي-النخيل-الرياض-الرياض-3501999,شمال,60 م, 15 سنة
229,229,229,محل للإيجار في الرياض ، حي العارض ، الرياض,"23,000 ريال",48 م²,/محلات-للإيجار/الرياض/شمال-الرياض/حي-العارض/الرياض-حي-العارض-الرياض-3699659,جنوب,30 م,جديد
230,230,230,محل للإيجار في طريق الإمام سعود بن عبدالعزيز بن محمد ، حي المرسلات ، الرياض ، الرياض,"300,000 ريال",240 م²,/محلات-للإيجار/الرياض/شمال-الرياض/حي-المرسلات/طريق-الإمام-سعود-بن-عبدالعزيز-بن-محمد-حي-المرسلات-الرياض-الرياض-3693824,شمال,60 م, 20 سنة
231,231,231,محل للإيجار في حي النرجس ، الرياض ، الرياض,"93,600 ريال",117 م²,/محلات-للإيجار/الرياض/شمال-الرياض/حي-النرجس/حي-النرجس-الرياض-الرياض-3631781,غرب,60 م, 3 سنة
232,232,232,محل للإيجار في حي النفل ، الرياض ، الرياض,"50,000 ريال",40 م²,/محلات-للإيجار/الرياض/شمال-الرياض/حي-النفل/حي-النفل-الرياض-الرياض-3731445,جنوب,29 م, 12 سنة
233,233,233,محل للإيجار في الرياض ، حي العقيق ، الرياض,"20,000 ريال",32 م²,/محلات-للإيجار/الرياض/شمال-الرياض/حي-العقيق/الرياض-حي-العقيق-الرياض-3544364,شرق,30 م, 20 سنة
234,234,234,محل للإيجار في حي ، طريق ابي بكر الصديق ، حي العارض ، الرياض ، الرياض,"200,000 ريال",700 م²,/محلات-للإيجار/الرياض/شمال-الرياض/حي-العارض/حي-طريق-ابي-بكر-الصديق-حي-العارض-الرياض-الرياض-3599730,جنوب شرقي,60 م,جديد
235,235,235,محل للإيجار في طريق عثمان بن عفان الفرعي ، حي النرجس ، الرياض ، الرياض,"113,000 ريال",120 م²,/محلات-للإيجار/الرياض/شمال-الرياض/حي-النرجس/طريق-عثمان-بن-عفان-الفرعي-حي-النرجس-الرياض-الرياض-3758298,شرق,,
236,236,236,محل للإيجار في الرياض ، حي الياسمين ، الرياض,"250,000 ريال",200 م²,/محلات-للإيجار/الرياض/شمال-الرياض/حي-الياسمين/الرياض-حي-الياسمين-الرياض-3525105,غرب,40 م, 12 سنة
237,237,237,محل للإيجار في شارع الامير جلوي بن تركي بن عبدالله ، حي المروج ، الرياض ، الرياض,"120,000 ريال",12 م²,/محلات-للإيجار/الرياض/شمال-الرياض/حي-المروج/شارع-الامير-جلوي-بن-تركي-بن-عبدالله-حي-المروج-الرياض-الرياض-3647064,شرق,,
238,238,238,محل للإيجار في حي ، شارع عبدالله بن العاص ، حي العارض ، الرياض ، الرياض,"150,000 ريال",19 م²,/محلات-للإيجار/الرياض/شمال-الرياض/حي-العارض/حي-شارع-عبدالله-بن-العاص-حي-العارض-الرياض-الرياض-3573282,شرق,,
239,239,239,محل للإيجار في شارع قراء ، حي المروج ، الرياض ، الرياض,"60,000 ريال",112 م²,/محلات-للإيجار/الرياض/شمال-الرياض/حي-المروج/شارع-قراء-حي-المروج-الرياض-الرياض-3554349,شمال,5 م,جديد
240,240,240,محل للإيجار في شارع الأمير سلطان بن سلمان بن عبدالعزيز ، حي الورود ، الرياض ، الرياض,"110,000 ريال",120 م²,/محلات-للإيجار/الرياض/شمال-الرياض/حي-الورود/شارع-الأمير-سلطان-بن-سلمان-بن-عبدالعزيز-حي-الورود-الرياض-الرياض-3743920,جنوب,,
241,241,241,محل للإيجار في شارع اسماء بنت مالك ، حي العارض ، الرياض ، الرياض,"80,000 ريال",210 م²,/محلات-للإيجار/الرياض/شمال-الرياض/حي-العارض/شارع-اسماء-بنت-مالك-حي-العارض-الرياض-الرياض-3392462,جنوب,30 م,جديد
242,242,242,محل للإيجار في حي ، شارع ثعلبه بن سعد الخزرجي ، حي العارض ، الرياض ، الرياض,"35,000 ريال",60 م²,/محلات-للإيجار/الرياض/شمال-الرياض/حي-العارض/حي-شارع-ثعلبه-بن-سعد-الخزرجي-حي-العارض-الرياض-الرياض-3682363,شمال,25 م,جديد
243,243,243,محل للإيجار في حي الياسمين ، الرياض ، الرياض,"80,000 ريال",100 م²,/محلات-للإيجار/الرياض/شمال-الرياض/حي-الياسمين/حي-الياسمين-الرياض-الرياض-3732702,شرق,,
244,244,244,محل للإيجار في شارع العليا ، حي العليا ، الرياض ، الرياض,"848,000 ريال",530 م²,/محلات-للإيجار/الرياض/شمال-الرياض/حي-العليا/شارع-العليا-حي-العليا-الرياض-الرياض-3514826,شمال,5 م,جديد
245,245,245,محل للإيجار في الطريق الدائري الشمالي الفرعي ، حي المروج ، الرياض ، الرياض,"1,500 ريال",2600 م²,/محلات-للإيجار/الرياض/شمال-الرياض/حي-المروج/الطريق-الدائري-الشمالي-الفرعي-حي-المروج-الرياض-الرياض-3360742,شمال,50 م, 15 سنة
246,246,246,محل للإيجار في طريق الأمير محمد بن عبدالعزيز ، حي السليمانية ، الرياض ، الرياض,"900,000 ريال",600 م²,/محلات-للإيجار/الرياض/شمال-الرياض/حي-السليمانية/طريق-الأمير-محمد-بن-عبدالعزيز-حي-السليمانية-الرياض-الرياض-3740696,جنوب,40 م, 15 سنة
247,247,247,محل للإيجار في شارع الامير سعود بن عبدالله بن جلوي ، حي القيروان ، الرياض ، الرياض,"100,000 ريال",78 م²,/محلات-للإيجار/الرياض/شمال-الرياض/حي-القيروان/شارع-الامير-سعود-بن-عبدالله-بن-جلوي-حي-القيروان-الرياض-الرياض-3647490,شمال,60 م,جديد
248,248,248,محل للإيجار في حي الربيع ، الرياض ، الرياض,"204,000 ريال",215 م²,/محلات-للإيجار/الرياض/شمال-الرياض/حي-الربيع/حي-الربيع-الرياض-الرياض-3556826,شرق,100 م, 6 سنة
249,249,249,محل للإيجار في حي العليا ، الرياض ، الرياض,"374,000 ريال",343 م²,/محلات-للإيجار/الرياض/شمال-الرياض/حي-العليا/حي-العليا-الرياض-الرياض-3667916,شرق,36 م,جديد
250,250,250,محل للإيجار في حي ، شارع الشيخ عبدالله بن جبرين ، حي القيروان ، الرياض ، الرياض,"27,000 ريال",50 م²,/محلات-للإيجار/الرياض/شمال-الرياض/حي-القيروان/حي-شارع-الشيخ-عبدالله-بن-جبرين-حي-القيروان-الرياض-الرياض-3743269,جنوب,,
251,251,251,محل للإيجار في شارع التخصصي ، حي العليا ، الرياض ، الرياض,"150,000 ريال",180 م²,/محلات-للإيجار/الرياض/شمال-الرياض/حي-العليا/شارع-التخصصي-حي-العليا-الرياض-الرياض-3602628,غرب,15 م, 10 سنة
252,252,252,محل للإيجار في شارع العليا ، حي العليا ، الرياض ، الرياض,"250,000 ريال",300 م²,/محلات-للإيجار/الرياض/شمال-الرياض/حي-العليا/شارع-العليا-حي-العليا-الرياض-الرياض-3615388,3 شوارع,15 م, 15 سنة
253,253,253,محل للإيجار في طريق الأمير محمد بن عبدالعزيز ، حي السليمانية ، الرياض ، الرياض,"176,000 ريال",120 م²,/محلات-للإيجار/الرياض/شمال-الرياض/حي-السليمانية/طريق-الأمير-محمد-بن-عبدالعزيز-حي-السليمانية-الرياض-الرياض-3620534,جنوب,47 م, 30 سنة
254,254,254,محل للإيجار في طريق الملك فهد الفرعي ، حي الرحمانية ، الرياض ، الرياض,"324,000 ريال",180 م²,/محلات-للإيجار/الرياض/شمال-الرياض/حي-الرحمانية/طريق-الملك-فهد-الفرعي-حي-الرحمانية-الرياض-الرياض-3738300,شرق,,
255,255,255,محل للإيجار في حي ، شارع ربيعه بن عامر بن بجاد ، حي العارض ، الرياض ، الرياض,"25,000 ريال",45 م²,/محلات-للإيجار/الرياض/شمال-الرياض/حي-العارض/حي-شارع-ربيعه-بن-عامر-بن-بجاد-حي-العارض-الرياض-الرياض-3679263,جنوب,36 م, 6 سنة
256,256,256,محل للإيجار في حي العقيق ، الرياض ، الرياض,"331,200 ريال",207 م²,/محلات-للإيجار/الرياض/شمال-الرياض/حي-العقيق/حي-العقيق-الرياض-الرياض-3715037,غرب,,
257,257,257,محل للإيجار في شارع اللؤلؤه ، حي العارض ، الرياض ، الرياض,"27,000 ريال",48 م²,/محلات-للإيجار/الرياض/شمال-الرياض/حي-العارض/شارع-اللؤلؤه-حي-العارض-الرياض-الرياض-3701391,شمال,36 م, 3 سنة
258,258,258,محل للإيجار في حي ، طريق الملك فهد ، حي العارض ، الرياض ، الرياض,"470,000 ريال",320 م²,/محلات-للإيجار/الرياض/شمال-الرياض/حي-العارض/حي-طريق-الملك-فهد-حي-العارض-الرياض-الرياض-3290110,3 شوارع,,
259,259,259,محل للإيجار في حي ، شارع عبدالله بن العاص ، حي العارض ، الرياض ، الرياض,"25,000 ريال",50 م²,/محلات-للإيجار/الرياض/شمال-الرياض/حي-العارض/حي-شارع-عبدالله-بن-العاص-حي-العارض-الرياض-الرياض-3233436,شمال,35 م,جديد
260,260,260,محل للإيجار في حي ، طريق الملك فهد ، حي العارض ، الرياض ، الرياض,"470,000 ريال",320 م²,/محلات-للإيجار/الرياض/شمال-الرياض/حي-العارض/حي-طريق-الملك-فهد-حي-العارض-الرياض-الرياض-3290110,3 شوارع,,
261,261,261,محل للإيجار في شارع البرقاء ، حي الورود ، الرياض ، الرياض,"3,000,000 ريال",700 م²,/محلات-للإيجار/الرياض/شمال-الرياض/حي-الورود/شارع-البرقاء-حي-الورود-الرياض-الرياض-3518746,شمال شرقي,100 م, 22 سنة
262,262,262,محل للإيجار في شارع الحوطة ، حي الملقا ، الرياض ، الرياض,"250,000 ريال",255 م²,/محلات-للإيجار/الرياض/شمال-الرياض/حي-الملقا/شارع-الحوطة-حي-الملقا-الرياض-الرياض-3325769,جنوب شرقي,35 م,جديد
263,263,263,محل للإيجار في شارع حائل ، حي النزهة ، الرياض ، الرياض,"170,000 ريال",62 م²,/محلات-للإيجار/الرياض/شمال-الرياض/حي-النزهة/شارع-حائل-حي-النزهة-الرياض-الرياض-3336129,شرق,,
264,264,264,محل للإيجار في شارع احمد بن اسماعيل الناشري ، حي العارض ، الرياض ، الرياض,"50,000 ريال",80 م²,/محلات-للإيجار/الرياض/شمال-الرياض/حي-العارض/شارع-احمد-بن-اسماعيل-الناشري-حي-العارض-الرياض-الرياض-3196990,جنوب شرقي,45 م, 3 سنة
265,265,265,محل للإيجار في حي ، شارع عبدالله بن العاص ، حي العارض ، الرياض ، الرياض,"25,000 ريال",50 م²,/محلات-للإيجار/الرياض/شمال-الرياض/حي-العارض/حي-شارع-عبدالله-بن-العاص-حي-العارض-الرياض-الرياض-3233436,شمال,35 م,جديد
266,266,266,محل للإيجار في طريق مكة المكرمة الفرعي ، حي المؤتمرات ، الرياض ، الرياض,"200,000 ريال",200 م²,/محلات-للإيجار/الرياض/شمال-الرياض/حي-المؤتمرات/طريق-مكة-المكرمة-الفرعي-حي-المؤتمرات-الرياض-الرياض-2430387,شمال,5 م,جديد
267,267,267,محل للإيجار في حي ، شارع عبدالله بن العاص ، حي العارض ، الرياض ، الرياض,"18,000 ريال",41 م²,/محلات-للإيجار/الرياض/شمال-الرياض/حي-العارض/حي-شارع-عبدالله-بن-العاص-حي-العارض-الرياض-الرياض-3521494,جنوب,30 م, 4 سنة
268,268,268,محل للإيجار في حي العارض ، الرياض ، الرياض,"550,000 ريال",340 م²,/محلات-للإيجار/الرياض/شمال-الرياض/حي-العارض/حي-العارض-الرياض-الرياض-3417812,جنوب,80 م,جديد
269,269,269,محل للإيجار في شارع هشام بن عبدالملك ، حي المرسلات ، الرياض ، الرياض,"73,000 ريال",50 م²,/محلات-للإيجار/الرياض/شمال-الرياض/حي-المرسلات/شارع-هشام-بن-عبدالملك-حي-المرسلات-الرياض-الرياض-3451778,جنوب,60 م, 15 سنة
270,270,270,محل للإيجار في شارع الأمير مساعد بن عبدالعزيز ، حي السليمانية ، الرياض ، الرياض,"50,000 ريال",52 م²,/محلات-للإيجار/الرياض/شمال-الرياض/حي-السليمانية/شارع-الأمير-مساعد-بن-عبدالعزيز-حي-السليمانية-الرياض-الرياض-2784694,شمال,20 م,جديد
271,271,271,محل للإيجار في طريق الملك عبدالله الفرعي ، حي المغرزات ، الرياض ، الرياض,"700,000 ريال",788 م²,/محلات-للإيجار/الرياض/شمال-الرياض/حي-المغرزات/طريق-الملك-عبدالله-الفرعي-حي-المغرزات-الرياض-الرياض-3186544,جنوب,60 م, 17 سنة
272,272,272,محل للإيجار في طريق الأمير محمد بن سلمان بن عبدالعزيز ، حي العقيق ، الرياض ، الرياض,"40,000 ريال",52 م²,/محلات-للإيجار/الرياض/شمال-الرياض/حي-العقيق/طريق-الأمير-محمد-بن-سلمان-بن-عبدالعزيز-حي-العقيق-الرياض-الرياض-3103756,جنوب,80 م, 11 سنة
273,273,273,محل للإيجار في شارع الامير ناصر بن فرحان ، حي صلاح الدين ، الرياض ، الرياض,"90,000 ريال",76 م²,/محلات-للإيجار/الرياض/شمال-الرياض/حي-صلاح-الدين/شارع-الامير-ناصر-بن-فرحان-حي-صلاح-الدين-الرياض-الرياض-2859192,شرق,,
274,274,274,محل للإيجار في شارع العليا ، حي الصحافة ، الرياض ، الرياض,"150,000 ريال",112 م²,/محلات-للإيجار/الرياض/شمال-الرياض/حي-الصحافة/شارع-العليا-حي-الصحافة-الرياض-الرياض-2985824,شرق,40 م, 10 سنة
275,275,275,محل للإيجار في حي الياسمين ، الرياض ، الرياض,"5,000,000 ريال",5000 م²,/محلات-للإيجار/الرياض/شمال-الرياض/حي-الياسمين/حي-الياسمين-الرياض-الرياض-2265903,3 شوارع,60 م,جديد
276,276,276,محل للإيجار في حي الخير ، الرياض ، الدرعية,"30,000 ريال",40 م²,/محلات-للإيجار/الرياض/شمال-الرياض/حي-بنبان/حي-الخير-الرياض-الدرعية-3013073,جنوب,30 م,جديد
277,277,277,محل للإيجار في شارع الامير احمد بن عبدالعزيز ، حي الملك فهد ، الرياض ، الرياض,"120,000 ريال",160 م²,/محلات-للإيجار/الرياض/شمال-الرياض/حي-الملك-فهد/شارع-الامير-احمد-بن-عبدالعزيز-حي-الملك-فهد-الرياض-الرياض-3039351,شرق,45 م, 15 سنة
278,278,278,محل للإيجار في شارع البحر الأحمر ، حي الوادي ، الرياض ، الرياض,"30,000 ريال",30 م²,/محلات-للإيجار/الرياض/شمال-الرياض/حي-الوادي/شارع-البحر-الأحمر-حي-الوادي-الرياض-الرياض-2813916,شمال,35 م, 25 سنة
279,279,279,محل للإيجار في طريق الملك عبدالله ، حي الرائد ، الرياض ، الرياض,"39,000 ريال",40 م²,/محلات-للإيجار/الرياض/شمال-الرياض/حي-جامعة-الملك-سعود/طريق-الملك-عبدالله-حي-الرائد-الرياض-الرياض-2849060,شمال,80 م, 10 سنة
280,280,280,محل للإيجار في طريق عثمان بن عفان ، حي الفلاح ، الرياض,"50,000 ريال",64 م²,/محلات-للإيجار/الرياض/شمال-الرياض/حي-الفلاح/طريق-عثمان-بن-عفان-حي-الفلاح-الرياض-1870590,غرب,80 م, 15 سنة
281,281,281,محل للإيجار في شارع ابي بكر الصديق الفرعي ، حي المرسلات ، الرياض,"50,000 ريال",50 م²,/محلات-للإيجار/الرياض/شمال-الرياض/حي-المرسلات/شارع-ابي-بكر-الصديق-الفرعي-حي-المرسلات-الرياض-1451014,شرق,,
282,282,282,محل للإيجار في الطريق الدائري الشمالي الفرعي ، حي التعاون ، الرياض,"1,300 ريال",1440 م²,/محلات-للإيجار/الرياض/شمال-الرياض/حي-التعاون/الطريق-الدائري-الشمالي-الفرعي-حي-التعاون-الرياض-1656144,شمال شرقي,100 م, 8 سنة
283,283,283,محل للإيجار في حي ، طريق ابي بكر الصديق ، حي العارض ، الرياض ، الرياض,"350,000 ريال",650 م²,/محلات-للإيجار/الرياض/شمال-الرياض/حي-العارض/حي-طريق-ابي-بكر-الصديق-حي-العارض-الرياض-الرياض-3755824,4 شوارع,,
284,284,284,محل للإيجار في شارع المهندس مساعد العنقري ، حي الورود ، الرياض ، الرياض,"15,000 ريال",25 م²,/محلات-للإيجار/الرياض/شمال-الرياض/حي-الورود/شارع-المهندس-مساعد-العنقري-حي-الورود-الرياض-الرياض-3244692,شرق,,
285,285,285,محل للإيجار في حي الياسمين ، الرياض ، الرياض,"200,000 ريال",195 م²,/محلات-للإيجار/الرياض/شمال-الرياض/حي-الياسمين/حي-الياسمين-الرياض-الرياض-3542583,جنوب,,
286,286,286,محل للإيجار في حي ، طريق الأمير محمد بن سعد بن عبدالعزيز ، حي القيروان ، الرياض ، الرياض,"325,000 ريال",360 م²,/محلات-للإيجار/الرياض/شمال-الرياض/حي-القيروان/حي-طريق-الأمير-محمد-بن-سعد-بن-عبدالعزيز-حي-القيروان-الرياض-الرياض-3582336,شرق,60 م, 5 سنة
287,287,287,محل للإيجار في طريق العروبة ، حي الورود ، الرياض ، الرياض,"550,000 ريال",735 م²,/محلات-للإيجار/الرياض/شمال-الرياض/حي-الورود/طريق-العروبة-حي-الورود-الرياض-الرياض-3295309,جنوب,,
288,288,288,محل للإيجار في شارع التخصصي ، حي المحمدية ، الرياض ، الرياض,"120,000 ريال",80 م²,/محلات-للإيجار/الرياض/شمال-الرياض/حي-المحمدية/شارع-التخصصي-حي-المحمدية-الرياض-الرياض-3628467,شمال شرقي,31 م, 9 سنة
289,289,289,محل للإيجار في طريق الثمامة ، حي الربيع ، الرياض ، الرياض,"720,000 ريال",480 م²,/محلات-للإيجار/الرياض/شمال-الرياض/حي-الربيع/طريق-الثمامة-حي-الربيع-الرياض-الرياض-3715182,3 شوارع,,
290,290,290,محل للإيجار في شارع الامير تركي بن عبدالعزيز الاول ، حي المحمدية ، الرياض ، الرياض,"360,000 ريال",280 م²,/محلات-للإيجار/الرياض/شمال-الرياض/حي-المحمدية/شارع-الامير-تركي-بن-عبدالعزيز-الاول-حي-المحمدية-الرياض-الرياض-3317878,غرب,,
291,291,291,محل للإيجار في حي ، شارع ريحانه بنت زيد ، حي العارض ، الرياض ، الرياض,"20,000 ريال",48 م²,/محلات-للإيجار/الرياض/شمال-الرياض/حي-العارض/حي-شارع-ريحانه-بنت-زيد-حي-العارض-الرياض-الرياض-3351358,جنوب,,
292,292,292,محل للإيجار في حي ، طريق الملك سلمان بن عبدالعزيز ، حي القيروان ، الرياض ، الرياض,"65,000 ريال",60 م²,/محلات-للإيجار/الرياض/شمال-الرياض/حي-القيروان/حي-طريق-الملك-سلمان-بن-عبدالعزيز-حي-القيروان-الرياض-الرياض-3753485,جنوب,80 م, 6 سنة
293,293,293,محل للإيجار في شارع عبدالملك بن مروان ، حي العليا ، الرياض,"35,000 ريال",600 م²,/محلات-للإيجار/الرياض/شمال-الرياض/حي-العليا/شارع-عبدالملك-بن-مروان-حي-العليا-الرياض-1062186,جنوب,35 م, 8 سنة
294,294,294,محل للإيجار في طريق الأمير سلطان بن عبدالعزيز ، حي العليا ، الرياض ، الرياض,"85,000 ريال",111 م²,/محلات-للإيجار/الرياض/شمال-الرياض/حي-العليا/طريق-الأمير-سلطان-بن-عبدالعزيز-حي-العليا-الرياض-الرياض-3680095,شمال,15 م, 15 سنة
295,295,295,محل للإيجار في حي الياسمين ، الرياض ، الرياض,"1,100 ريال",459 م²,/محلات-للإيجار/الرياض/شمال-الرياض/حي-الياسمين/حي-الياسمين-الرياض-الرياض-3732232,جنوب,60 م,جديد
296,296,296,محل للإيجار في حي ، شارع الامير سعود بن عبدالله بن جلوي ، حي العارض ، الرياض ، الرياض,"175,000 ريال",200 م²,/محلات-للإيجار/الرياض/شمال-الرياض/حي-العارض/حي-شارع-الامير-سعود-بن-عبدالله-بن-جلوي-حي-العارض-الرياض-الرياض-3659582,جنوب,59 م, 10 سنة
297,297,297,محل للإيجار في شارع الأمير ناصر بن سعود بن فرحان آل سعود ، حي الصحافة ، الرياض ، الرياض,"30,000 ريال",35 م²,/محلات-للإيجار/الرياض/شمال-الرياض/حي-الصحافة/شارع-الأمير-ناصر-بن-سعود-بن-فرحان-آل-سعود-حي-الصحافة-الرياض-الرياض-3612927,شمال,,
298,298,298,محل للإيجار في شارع المهندس مساعد العنقري ، حي الورود ، الرياض ، الرياض,"20,000 ريال",50 م²,/محلات-للإيجار/الرياض/شمال-الرياض/حي-الورود/شارع-المهندس-مساعد-العنقري-حي-الورود-الرياض-الرياض-3619835,شرق,40 م, 21 سنة
299,299,299,محل للإيجار في طريق أنس ابن مالك ، حي الملقا ، الرياض ، الرياض,"510,000 ريال",300 م²,/محلات-للإيجار/الرياض/شمال-الرياض/حي-الملقا/طريق-أنس-ابن-مالك-حي-الملقا-الرياض-الرياض-3413808,جنوب,60 م,جديد
300,300,300,محل للإيجار في حي ، طريق الملك سلمان بن عبدالعزيز ، حي القيروان ، الرياض ، الرياض,"65,000 ريال",60 م²,/محلات-للإيجار/الرياض/شمال-الرياض/حي-القيروان/حي-طريق-الملك-سلمان-بن-عبدالعزيز-حي-القيروان-الرياض-الرياض-3753485,جنوب,80 م, 6 سنة
301,301,301,محل للإيجار في حي الياسمين ، الرياض ، الرياض,"50,000 ريال",40 م²,/محلات-للإيجار/الرياض/شمال-الرياض/حي-الياسمين/حي-الياسمين-الرياض-الرياض-3487627,غرب,36 م, 4 سنة
302,302,302,محل للإيجار في طريق الأمير سلطان بن عبدالعزيز ، حي العليا ، الرياض ، الرياض,"250,000 ريال",300 م²,/محلات-للإيجار/الرياض/شمال-الرياض/حي-العليا/طريق-الأمير-سلطان-بن-عبدالعزيز-حي-العليا-الرياض-الرياض-3657993,جنوب شرقي,,
303,303,303,محل للإيجار في الطريق الدائري الشمالي ، حي الغدير ، الرياض ، الرياض,"1,400,000 ريال",608 م²,/محلات-للإيجار/الرياض/شمال-الرياض/حي-الغدير/الطريق-الدائري-الشمالي-حي-الغدير-الرياض-الرياض-3608071,جنوب,,
304,304,304,محل للإيجار في حي الياسمين ، الرياض ، الرياض,"600,000 ريال",480 م²,/محلات-للإيجار/الرياض/شمال-الرياض/حي-الياسمين/حي-الياسمين-الرياض-الرياض-3465553,جنوب,60 م,جديد
305,305,305,محل للإيجار في طريق الملك عبدالعزيز ، حي المصيف ، الرياض ، الرياض,"160,000 ريال",200 م²,/محلات-للإيجار/الرياض/شمال-الرياض/حي-المصيف/طريق-الملك-عبدالعزيز-حي-المصيف-الرياض-الرياض-3612434,غرب,60 م, 18 سنة
306,306,306,محل للإيجار في شارع موسى بن نصير ، حي العليا ، الرياض ، الرياض,"60,000 ريال",70 م²,/محلات-للإيجار/الرياض/شمال-الرياض/حي-العليا/شارع-موسى-بن-نصير-حي-العليا-الرياض-الرياض-3320431,جنوب,36 م, 25 سنة
307,307,307,محل للإيجار في حي الياسمين ، الرياض ، الرياض,"1,100 ريال",459 م²,/محلات-للإيجار/الرياض/شمال-الرياض/حي-الياسمين/حي-الياسمين-الرياض-الرياض-3732232,جنوب,60 م,جديد
308,308,308,محل للإيجار في شارع الدهناء ، حي الملقا ، الرياض ، الرياض,"25,000 ريال",34 م²,/محلات-للإيجار/الرياض/شمال-الرياض/حي-الملقا/شارع-الدهناء-حي-الملقا-الرياض-الرياض-3715602,شرق,31 م, 10 سنة
309,309,309,محل للإيجار في طريق الأمير سلطان بن عبدالعزيز ، حي العليا ، الرياض ، الرياض,"85,000 ريال",111 م²,/محلات-للإيجار/الرياض/شمال-الرياض/حي-العليا/طريق-الأمير-سلطان-بن-عبدالعزيز-حي-العليا-الرياض-الرياض-3680095,شمال,15 م, 15 سنة
310,310,310,محل للإيجار في حي الياسمين ، الرياض ، الرياض,"300,000 ريال",300 م²,/محلات-للإيجار/الرياض/شمال-الرياض/حي-الياسمين/حي-الياسمين-الرياض-الرياض-3579313,شرق,65 م,جديد
311,311,311,محل للإيجار في حي ، طريق البحر الأحمر ، حي النفل ، الرياض ، الرياض,"30,000 ريال",24 م²,/محلات-للإيجار/الرياض/شمال-الرياض/حي-النفل/حي-طريق-البحر-الأحمر-حي-النفل-الرياض-الرياض-3609542,شمال,30 م, 23 سنة
312,312,312,محل للإيجار في حي ، طريق البحر الأحمر ، حي النفل ، الرياض ، الرياض,"58,500 ريال",65 م²,/محلات-للإيجار/الرياض/شمال-الرياض/حي-النفل/حي-طريق-البحر-الأحمر-حي-النفل-الرياض-الرياض-3483377,جنوب,35 م,جديد
313,313,313,محل للإيجار في شارع موسى بن نصير ، حي العليا ، الرياض ، الرياض,"30,000 ريال",32 م²,/محلات-للإيجار/الرياض/شمال-الرياض/حي-العليا/شارع-موسى-بن-نصير-حي-العليا-الرياض-الرياض-3350669,شمال,30 م, 35 سنة
314,314,314,محل للإيجار في حي السليمانية ، الرياض ، الرياض,"40,000 ريال",32 م²,/محلات-للإيجار/الرياض/شمال-الرياض/حي-السليمانية/حي-السليمانية-الرياض-الرياض-3724092,جنوب,36 م, 23 سنة
315,315,315,محل للإيجار في حي النرجس ، الرياض ، الرياض,"50,000 ريال",40 م²,/محلات-للإيجار/الرياض/شمال-الرياض/حي-النرجس/حي-النرجس-الرياض-الرياض-3765281,جنوب,60 م, 5 سنة
316,316,316,محل للإيجار في شارع ظبية بنت البراء ، حي المصيف ، الرياض ، الرياض,"6,000 ريال",150 م²,/محلات-للإيجار/الرياض/شمال-الرياض/حي-المصيف/شارع-ظبية-بنت-البراء-حي-المصيف-الرياض-الرياض-3411797,شرق,,
317,317,317,محل للإيجار في طريق عثمان بن عفان ، حي الوادي ، الرياض ، الرياض,"70,000 ريال",52 م²,/محلات-للإيجار/الرياض/شمال-الرياض/حي-الوادي/طريق-عثمان-بن-عفان-حي-الوادي-الرياض-الرياض-3760724,شرق,80 م, 20 سنة
318,318,318,محل للإيجار في شارع تمير ، حي المروج ، الرياض ، الرياض,"150,000 ريال",135 م²,/محلات-للإيجار/الرياض/شمال-الرياض/حي-المروج/شارع-تمير-حي-المروج-الرياض-الرياض-3767118,غرب,36 م, 13 سنة
319,319,319,محل للإيجار في طريق الأمير محمد بن سعد بن عبدالعزيز ، حي الملقا ، الرياض ، الرياض,"200,000 ريال",242 م²,/محلات-للإيجار/الرياض/شمال-الرياض/حي-الملقا/طريق-الأمير-محمد-بن-سعد-بن-عبدالعزيز-حي-الملقا-الرياض-الرياض-3554074,غرب,60 م, 2 سنة
